OMRKK;TID;INDHOLD
København i alt;2006;1524,8
København i alt;2007;1546,8
København i alt;2008;1572,2
København i alt;2009;1602,0
København i alt;2010;1668,0
København i alt;2011;1605,4
København i alt;2012;1586,9
København i alt;2013;1533,6
København i alt;2014;1545,6
København i alt;2015;1583,5
København i alt;2016;1631,2
København i alt;2017;1616,0
København i alt;2018;1576,7
København i alt;2019;1589,4
København i alt;2020;1528,1
København i alt;2021;1561,4
København i alt;2022;1351,8
København i alt;2023;1331,6
København i alt;2024;1320,6
Bydel - Indre By;2006;1447,8
Bydel - Indre By;2007;1584,7
Bydel - Indre By;2008;1546,9
Bydel - Indre By;2009;1521,0
Bydel - Indre By;2010;1526,4
Bydel - Indre By;2011;1491,8
Bydel - Indre By;2012;1507,5
Bydel - Indre By;2013;1455,8
Bydel - Indre By;2014;1453,9
Bydel - Indre By;2015;1476,7
Bydel - Indre By;2016;1698,9
Bydel - Indre By;2017;1526,7
Bydel - Indre By;2018;1542,3
Bydel - Indre By;2019;1474,5
Bydel - Indre By;2020;1439,2
Bydel - Indre By;2021;1500,6
Bydel - Indre By;2022;1311,3
Bydel - Indre By;2023;1205,6
Bydel - Indre By;2024;1419,4
Bydel - Østerbro;2006;1608,5
Bydel - Østerbro;2007;1546,7
Bydel - Østerbro;2008;1674,6
Bydel - Østerbro;2009;1677,7
Bydel - Østerbro;2010;1671,5
Bydel - Østerbro;2011;1527,3
Bydel - Østerbro;2012;1588,9
Bydel - Østerbro;2013;1608,0
Bydel - Østerbro;2014;1547,6
Bydel - Østerbro;2015;1595,7
Bydel - Østerbro;2016;1690,6
Bydel - Østerbro;2017;1622,3
Bydel - Østerbro;2018;1632,1
Bydel - Østerbro;2019;1703,2
Bydel - Østerbro;2020;1667,3
Bydel - Østerbro;2021;1625,9
Bydel - Østerbro;2022;1411,1
Bydel - Østerbro;2023;1433,0
Bydel - Østerbro;2024;1390,9
Bydel - Nørrebro;2006;1440,0
Bydel - Nørrebro;2007;1468,7
Bydel - Nørrebro;2008;1481,4
Bydel - Nørrebro;2009;1532,6
Bydel - Nørrebro;2010;1570,1
Bydel - Nørrebro;2011;1477,7
Bydel - Nørrebro;2012;1420,5
Bydel - Nørrebro;2013;1380,6
Bydel - Nørrebro;2014;1435,1
Bydel - Nørrebro;2015;1547,9
Bydel - Nørrebro;2016;1570,5
Bydel - Nørrebro;2017;1632,2
Bydel - Nørrebro;2018;1516,4
Bydel - Nørrebro;2019;1516,8
Bydel - Nørrebro;2020;1526,2
Bydel - Nørrebro;2021;1599,7
Bydel - Nørrebro;2022;1344,2
Bydel - Nørrebro;2023;1358,0
Bydel - Nørrebro;2024;1304,9
Bydel - Vesterbro/Kongens Enghave;2006;1497,8
Bydel - Vesterbro/Kongens Enghave;2007;1549,2
Bydel - Vesterbro/Kongens Enghave;2008;1529,1
Bydel - Vesterbro/Kongens Enghave;2009;1643,3
Bydel - Vesterbro/Kongens Enghave;2010;1720,8
Bydel - Vesterbro/Kongens Enghave;2011;1636,1
Bydel - Vesterbro/Kongens Enghave;2012;1718,4
Bydel - Vesterbro/Kongens Enghave;2013;1575,8
Bydel - Vesterbro/Kongens Enghave;2014;1620,3
Bydel - Vesterbro/Kongens Enghave;2015;1659,5
Bydel - Vesterbro/Kongens Enghave;2016;1672,3
Bydel - Vesterbro/Kongens Enghave;2017;1627,4
Bydel - Vesterbro/Kongens Enghave;2018;1637,4
Bydel - Vesterbro/Kongens Enghave;2019;1717,4
Bydel - Vesterbro/Kongens Enghave;2020;1578,3
Bydel - Vesterbro/Kongens Enghave;2021;1649,2
Bydel - Vesterbro/Kongens Enghave;2022;1486,6
Bydel - Vesterbro/Kongens Enghave;2023;1420,5
Bydel - Vesterbro/Kongens Enghave;2024;1426,3
Bydel - Valby;2006;1662,5
Bydel - Valby;2007;1556,6
Bydel - Valby;2008;1776,5
Bydel - Valby;2009;1621,4
Bydel - Valby;2010;1818,1
Bydel - Valby;2011;1745,5
Bydel - Valby;2012;1683,8
Bydel - Valby;2013;1676,9
Bydel - Valby;2014;1584,0
Bydel - Valby;2015;1706,2
Bydel - Valby;2016;1677,5
Bydel - Valby;2017;1681,5
Bydel - Valby;2018;1598,2
Bydel - Valby;2019;1675,6
Bydel - Valby;2020;1703,3
Bydel - Valby;2021;1652,4
Bydel - Valby;2022;1433,9
Bydel - Valby;2023;1357,3
Bydel - Valby;2024;1293,9
Bydel - Vanløse;2006;1570,5
Bydel - Vanløse;2007;1602,3
Bydel - Vanløse;2008;1472,3
Bydel - Vanløse;2009;1661,2
Bydel - Vanløse;2010;1613,9
Bydel - Vanløse;2011;1754,6
Bydel - Vanløse;2012;1570,0
Bydel - Vanløse;2013;1470,1
Bydel - Vanløse;2014;1571,4
Bydel - Vanløse;2015;1626,4
Bydel - Vanløse;2016;1565,8
Bydel - Vanløse;2017;1527,8
Bydel - Vanløse;2018;1470,5
Bydel - Vanløse;2019;1482,6
Bydel - Vanløse;2020;1408,7
Bydel - Vanløse;2021;1517,3
Bydel - Vanløse;2022;1305,0
Bydel - Vanløse;2023;1313,4
Bydel - Vanløse;2024;1313,3
Bydel - Brønshøj-Husum;2006;1947,1
Bydel - Brønshøj-Husum;2007;1966,2
Bydel - Brønshøj-Husum;2008;1865,2
Bydel - Brønshøj-Husum;2009;2102,4
Bydel - Brønshøj-Husum;2010;2026,8
Bydel - Brønshøj-Husum;2011;2102,5
Bydel - Brønshøj-Husum;2012;1970,0
Bydel - Brønshøj-Husum;2013;1916,5
Bydel - Brønshøj-Husum;2014;1997,0
Bydel - Brønshøj-Husum;2015;1824,3
Bydel - Brønshøj-Husum;2016;1967,5
Bydel - Brønshøj-Husum;2017;1872,2
Bydel - Brønshøj-Husum;2018;1732,8
Bydel - Brønshøj-Husum;2019;1737,5
Bydel - Brønshøj-Husum;2020;1698,6
Bydel - Brønshøj-Husum;2021;1709,9
Bydel - Brønshøj-Husum;2022;1516,8
Bydel - Brønshøj-Husum;2023;1519,7
Bydel - Brønshøj-Husum;2024;1456,9
Bydel - Bispebjerg;2006;1313,8
Bydel - Bispebjerg;2007;1379,2
Bydel - Bispebjerg;2008;1436,5
Bydel - Bispebjerg;2009;1412,0
Bydel - Bispebjerg;2010;1539,1
Bydel - Bispebjerg;2011;1543,8
Bydel - Bispebjerg;2012;1587,7
Bydel - Bispebjerg;2013;1448,6
Bydel - Bispebjerg;2014;1460,7
Bydel - Bispebjerg;2015;1463,2
Bydel - Bispebjerg;2016;1402,5
Bydel - Bispebjerg;2017;1451,8
Bydel - Bispebjerg;2018;1420,9
Bydel - Bispebjerg;2019;1364,1
Bydel - Bispebjerg;2020;1363,7
Bydel - Bispebjerg;2021;1371,5
Bydel - Bispebjerg;2022;1129,2
Bydel - Bispebjerg;2023;1185,6
Bydel - Bispebjerg;2024;1181,5
Bydel - Amager Øst;2006;1430,3
Bydel - Amager Øst;2007;1472,2
Bydel - Amager Øst;2008;1503,6
Bydel - Amager Øst;2009;1412,0
Bydel - Amager Øst;2010;1612,8
Bydel - Amager Øst;2011;1447,4
Bydel - Amager Øst;2012;1523,8
Bydel - Amager Øst;2013;1310,6
Bydel - Amager Øst;2014;1394,9
Bydel - Amager Øst;2015;1498,0
Bydel - Amager Øst;2016;1520,5
Bydel - Amager Øst;2017;1535,0
Bydel - Amager Øst;2018;1581,0
Bydel - Amager Øst;2019;1535,7
Bydel - Amager Øst;2020;1462,5
Bydel - Amager Øst;2021;1474,9
Bydel - Amager Øst;2022;1357,2
Bydel - Amager Øst;2023;1249,8
Bydel - Amager Øst;2024;1264,9
Bydel - Amager Vest;2006;1594,1
Bydel - Amager Vest;2007;1636,4
Bydel - Amager Vest;2008;1655,3
Bydel - Amager Vest;2009;1756,4
Bydel - Amager Vest;2010;1875,5
Bydel - Amager Vest;2011;1806,0
Bydel - Amager Vest;2012;1668,4
Bydel - Amager Vest;2013;1786,2
Bydel - Amager Vest;2014;1719,6
Bydel - Amager Vest;2015;1659,6
Bydel - Amager Vest;2016;1782,3
Bydel - Amager Vest;2017;1834,5
Bydel - Amager Vest;2018;1725,4
Bydel - Amager Vest;2019;1707,2
Bydel - Amager Vest;2020;1521,1
Bydel - Amager Vest;2021;1612,4
Bydel - Amager Vest;2022;1333,7
Bydel - Amager Vest;2023;1364,6
Bydel - Amager Vest;2024;1336,0
Bydel - Uden for inddeling;2006;436,1
Bydel - Uden for inddeling;2007;967,8
Bydel - Uden for inddeling;2008;440,3
Bydel - Uden for inddeling;2009;621,6
Bydel - Uden for inddeling;2010;449,9
Bydel - Uden for inddeling;2011;508,6
Bydel - Uden for inddeling;2012;546,6
Bydel - Uden for inddeling;2013;523,2
Bydel - Uden for inddeling;2014;811,2
Bydel - Uden for inddeling;2015;658,5
Bydel - Uden for inddeling;2016;591,1
Bydel - Uden for inddeling;2017;649,2
Bydel - Uden for inddeling;2018;533,4
Bydel - Uden for inddeling;2019;850,9
Bydel - Uden for inddeling;2020;376,2
Bydel - Uden for inddeling;2021;391,4
Bydel - Uden for inddeling;2022;387,8
Bydel - Uden for inddeling;2023;208,5
Bydel - Uden for inddeling;2024;164,5
Lokaludvalg - Indre By;2006;1507,2
Lokaludvalg - Indre By;2007;1551,1
Lokaludvalg - Indre By;2008;1514,1
Lokaludvalg - Indre By;2009;1511,6
Lokaludvalg - Indre By;2010;1478,6
Lokaludvalg - Indre By;2011;1545,9
Lokaludvalg - Indre By;2012;1462,4
Lokaludvalg - Indre By;2013;1432,3
Lokaludvalg - Indre By;2014;1385,2
Lokaludvalg - Indre By;2015;1416,6
Lokaludvalg - Indre By;2016;1654,9
Lokaludvalg - Indre By;2017;1471,1
Lokaludvalg - Indre By;2018;1476,2
Lokaludvalg - Indre By;2019;1439,8
Lokaludvalg - Indre By;2020;1356,2
Lokaludvalg - Indre By;2021;1468,1
Lokaludvalg - Indre By;2022;1220,3
Lokaludvalg - Indre By;2023;1176,1
Lokaludvalg - Indre By;2024;1314,3
Lokaludvalg - Christianshavn;2006;1247,9
Lokaludvalg - Christianshavn;2007;1724,6
Lokaludvalg - Christianshavn;2008;1681,0
Lokaludvalg - Christianshavn;2009;1568,0
Lokaludvalg - Christianshavn;2010;1716,8
Lokaludvalg - Christianshavn;2011;1304,8
Lokaludvalg - Christianshavn;2012;1668,0
Lokaludvalg - Christianshavn;2013;1551,8
Lokaludvalg - Christianshavn;2014;1679,9
Lokaludvalg - Christianshavn;2015;1687,8
Lokaludvalg - Christianshavn;2016;1839,4
Lokaludvalg - Christianshavn;2017;1712,3
Lokaludvalg - Christianshavn;2018;1768,6
Lokaludvalg - Christianshavn;2019;1571,2
Lokaludvalg - Christianshavn;2020;1681,2
Lokaludvalg - Christianshavn;2021;1580,1
Lokaludvalg - Christianshavn;2022;1585,2
Lokaludvalg - Christianshavn;2023;1306,9
Lokaludvalg - Christianshavn;2024;1722,7
Lokaludvalg - Østerbro;2006;1608,5
Lokaludvalg - Østerbro;2007;1546,7
Lokaludvalg - Østerbro;2008;1674,6
Lokaludvalg - Østerbro;2009;1677,7
Lokaludvalg - Østerbro;2010;1671,5
Lokaludvalg - Østerbro;2011;1527,3
Lokaludvalg - Østerbro;2012;1588,9
Lokaludvalg - Østerbro;2013;1608,0
Lokaludvalg - Østerbro;2014;1547,6
Lokaludvalg - Østerbro;2015;1595,7
Lokaludvalg - Østerbro;2016;1690,6
Lokaludvalg - Østerbro;2017;1622,3
Lokaludvalg - Østerbro;2018;1632,1
Lokaludvalg - Østerbro;2019;1703,2
Lokaludvalg - Østerbro;2020;1667,3
Lokaludvalg - Østerbro;2021;1625,9
Lokaludvalg - Østerbro;2022;1411,1
Lokaludvalg - Østerbro;2023;1433,0
Lokaludvalg - Østerbro;2024;1390,9
Lokaludvalg - Nørrebro;2006;1440,0
Lokaludvalg - Nørrebro;2007;1468,7
Lokaludvalg - Nørrebro;2008;1481,4
Lokaludvalg - Nørrebro;2009;1532,6
Lokaludvalg - Nørrebro;2010;1570,1
Lokaludvalg - Nørrebro;2011;1477,7
Lokaludvalg - Nørrebro;2012;1420,5
Lokaludvalg - Nørrebro;2013;1380,6
Lokaludvalg - Nørrebro;2014;1435,1
Lokaludvalg - Nørrebro;2015;1547,9
Lokaludvalg - Nørrebro;2016;1570,5
Lokaludvalg - Nørrebro;2017;1632,2
Lokaludvalg - Nørrebro;2018;1516,4
Lokaludvalg - Nørrebro;2019;1516,8
Lokaludvalg - Nørrebro;2020;1526,2
Lokaludvalg - Nørrebro;2021;1599,7
Lokaludvalg - Nørrebro;2022;1344,2
Lokaludvalg - Nørrebro;2023;1358,0
Lokaludvalg - Nørrebro;2024;1304,9
Lokaludvalg - Vesterbro;2006;1522,9
Lokaludvalg - Vesterbro;2007;1524,6
Lokaludvalg - Vesterbro;2008;1496,6
Lokaludvalg - Vesterbro;2009;1534,4
Lokaludvalg - Vesterbro;2010;1617,0
Lokaludvalg - Vesterbro;2011;1492,3
Lokaludvalg - Vesterbro;2012;1623,9
Lokaludvalg - Vesterbro;2013;1494,7
Lokaludvalg - Vesterbro;2014;1552,2
Lokaludvalg - Vesterbro;2015;1623,5
Lokaludvalg - Vesterbro;2016;1614,9
Lokaludvalg - Vesterbro;2017;1606,9
Lokaludvalg - Vesterbro;2018;1661,8
Lokaludvalg - Vesterbro;2019;1697,4
Lokaludvalg - Vesterbro;2020;1639,8
Lokaludvalg - Vesterbro;2021;1704,7
Lokaludvalg - Vesterbro;2022;1621,8
Lokaludvalg - Vesterbro;2023;1534,5
Lokaludvalg - Vesterbro;2024;1538,9
Lokaludvalg - Kgs. Enghave;2006;1353,7
Lokaludvalg - Kgs. Enghave;2007;1530,4
Lokaludvalg - Kgs. Enghave;2008;1519,9
Lokaludvalg - Kgs. Enghave;2009;1798,1
Lokaludvalg - Kgs. Enghave;2010;1919,4
Lokaludvalg - Kgs. Enghave;2011;1935,4
Lokaludvalg - Kgs. Enghave;2012;1913,5
Lokaludvalg - Kgs. Enghave;2013;1732,7
Lokaludvalg - Kgs. Enghave;2014;1743,3
Lokaludvalg - Kgs. Enghave;2015;1712,0
Lokaludvalg - Kgs. Enghave;2016;1760,6
Lokaludvalg - Kgs. Enghave;2017;1632,3
Lokaludvalg - Kgs. Enghave;2018;1549,4
Lokaludvalg - Kgs. Enghave;2019;1725,0
Lokaludvalg - Kgs. Enghave;2020;1463,6
Lokaludvalg - Kgs. Enghave;2021;1531,2
Lokaludvalg - Kgs. Enghave;2022;1282,0
Lokaludvalg - Kgs. Enghave;2023;1256,8
Lokaludvalg - Kgs. Enghave;2024;1271,2
Lokaludvalg - Valby;2006;1662,5
Lokaludvalg - Valby;2007;1556,6
Lokaludvalg - Valby;2008;1776,5
Lokaludvalg - Valby;2009;1621,4
Lokaludvalg - Valby;2010;1818,1
Lokaludvalg - Valby;2011;1745,5
Lokaludvalg - Valby;2012;1683,8
Lokaludvalg - Valby;2013;1676,9
Lokaludvalg - Valby;2014;1584,0
Lokaludvalg - Valby;2015;1706,2
Lokaludvalg - Valby;2016;1677,5
Lokaludvalg - Valby;2017;1681,5
Lokaludvalg - Valby;2018;1598,2
Lokaludvalg - Valby;2019;1675,6
Lokaludvalg - Valby;2020;1703,3
Lokaludvalg - Valby;2021;1652,4
Lokaludvalg - Valby;2022;1433,9
Lokaludvalg - Valby;2023;1357,3
Lokaludvalg - Valby;2024;1293,9
Lokaludvalg - Vanløse;2006;1570,5
Lokaludvalg - Vanløse;2007;1602,3
Lokaludvalg - Vanløse;2008;1472,3
Lokaludvalg - Vanløse;2009;1661,2
Lokaludvalg - Vanløse;2010;1613,9
Lokaludvalg - Vanløse;2011;1754,6
Lokaludvalg - Vanløse;2012;1570,0
Lokaludvalg - Vanløse;2013;1470,1
Lokaludvalg - Vanløse;2014;1571,4
Lokaludvalg - Vanløse;2015;1626,4
Lokaludvalg - Vanløse;2016;1565,8
Lokaludvalg - Vanløse;2017;1527,8
Lokaludvalg - Vanløse;2018;1470,5
Lokaludvalg - Vanløse;2019;1482,6
Lokaludvalg - Vanløse;2020;1408,7
Lokaludvalg - Vanløse;2021;1517,3
Lokaludvalg - Vanløse;2022;1305,0
Lokaludvalg - Vanløse;2023;1313,4
Lokaludvalg - Vanløse;2024;1313,3
Lokaludvalg - Brønshøj-Husum;2006;1947,1
Lokaludvalg - Brønshøj-Husum;2007;1966,2
Lokaludvalg - Brønshøj-Husum;2008;1865,2
Lokaludvalg - Brønshøj-Husum;2009;2102,4
Lokaludvalg - Brønshøj-Husum;2010;2026,8
Lokaludvalg - Brønshøj-Husum;2011;2102,5
Lokaludvalg - Brønshøj-Husum;2012;1970,0
Lokaludvalg - Brønshøj-Husum;2013;1916,5
Lokaludvalg - Brønshøj-Husum;2014;1997,0
Lokaludvalg - Brønshøj-Husum;2015;1824,3
Lokaludvalg - Brønshøj-Husum;2016;1967,5
Lokaludvalg - Brønshøj-Husum;2017;1872,2
Lokaludvalg - Brønshøj-Husum;2018;1732,8
Lokaludvalg - Brønshøj-Husum;2019;1737,5
Lokaludvalg - Brønshøj-Husum;2020;1698,6
Lokaludvalg - Brønshøj-Husum;2021;1709,9
Lokaludvalg - Brønshøj-Husum;2022;1516,8
Lokaludvalg - Brønshøj-Husum;2023;1519,7
Lokaludvalg - Brønshøj-Husum;2024;1456,9
Lokaludvalg - Bispebjerg;2006;1313,8
Lokaludvalg - Bispebjerg;2007;1379,2
Lokaludvalg - Bispebjerg;2008;1436,5
Lokaludvalg - Bispebjerg;2009;1412,0
Lokaludvalg - Bispebjerg;2010;1539,1
Lokaludvalg - Bispebjerg;2011;1543,8
Lokaludvalg - Bispebjerg;2012;1587,7
Lokaludvalg - Bispebjerg;2013;1448,6
Lokaludvalg - Bispebjerg;2014;1460,7
Lokaludvalg - Bispebjerg;2015;1463,2
Lokaludvalg - Bispebjerg;2016;1402,5
Lokaludvalg - Bispebjerg;2017;1451,8
Lokaludvalg - Bispebjerg;2018;1420,9
Lokaludvalg - Bispebjerg;2019;1364,1
Lokaludvalg - Bispebjerg;2020;1363,7
Lokaludvalg - Bispebjerg;2021;1371,5
Lokaludvalg - Bispebjerg;2022;1129,2
Lokaludvalg - Bispebjerg;2023;1185,6
Lokaludvalg - Bispebjerg;2024;1181,5
Lokaludvalg - Amager Øst;2006;1430,3
Lokaludvalg - Amager Øst;2007;1472,2
Lokaludvalg - Amager Øst;2008;1503,6
Lokaludvalg - Amager Øst;2009;1412,0
Lokaludvalg - Amager Øst;2010;1612,8
Lokaludvalg - Amager Øst;2011;1447,4
Lokaludvalg - Amager Øst;2012;1523,8
Lokaludvalg - Amager Øst;2013;1310,6
Lokaludvalg - Amager Øst;2014;1394,9
Lokaludvalg - Amager Øst;2015;1498,0
Lokaludvalg - Amager Øst;2016;1520,5
Lokaludvalg - Amager Øst;2017;1535,0
Lokaludvalg - Amager Øst;2018;1581,0
Lokaludvalg - Amager Øst;2019;1535,7
Lokaludvalg - Amager Øst;2020;1462,5
Lokaludvalg - Amager Øst;2021;1474,9
Lokaludvalg - Amager Øst;2022;1357,2
Lokaludvalg - Amager Øst;2023;1249,8
Lokaludvalg - Amager Øst;2024;1264,9
Lokaludvalg - Amager Vest;2006;1594,1
Lokaludvalg - Amager Vest;2007;1636,4
Lokaludvalg - Amager Vest;2008;1655,3
Lokaludvalg - Amager Vest;2009;1756,4
Lokaludvalg - Amager Vest;2010;1875,5
Lokaludvalg - Amager Vest;2011;1806,0
Lokaludvalg - Amager Vest;2012;1668,4
Lokaludvalg - Amager Vest;2013;1786,2
Lokaludvalg - Amager Vest;2014;1719,6
Lokaludvalg - Amager Vest;2015;1659,6
Lokaludvalg - Amager Vest;2016;1782,3
Lokaludvalg - Amager Vest;2017;1834,5
Lokaludvalg - Amager Vest;2018;1725,4
Lokaludvalg - Amager Vest;2019;1707,2
Lokaludvalg - Amager Vest;2020;1521,1
Lokaludvalg - Amager Vest;2021;1612,4
Lokaludvalg - Amager Vest;2022;1333,7
Lokaludvalg - Amager Vest;2023;1364,6
Lokaludvalg - Amager Vest;2024;1336,0
Lokaludvalg - Uden for inddeling;2006;436,1
Lokaludvalg - Uden for inddeling;2007;967,8
Lokaludvalg - Uden for inddeling;2008;440,3
Lokaludvalg - Uden for inddeling;2009;621,6
Lokaludvalg - Uden for inddeling;2010;449,9
Lokaludvalg - Uden for inddeling;2011;508,6
Lokaludvalg - Uden for inddeling;2012;546,6
Lokaludvalg - Uden for inddeling;2013;523,2
Lokaludvalg - Uden for inddeling;2014;811,2
Lokaludvalg - Uden for inddeling;2015;658,5
Lokaludvalg - Uden for inddeling;2016;591,1
Lokaludvalg - Uden for inddeling;2017;649,2
Lokaludvalg - Uden for inddeling;2018;533,4
Lokaludvalg - Uden for inddeling;2019;850,9
Lokaludvalg - Uden for inddeling;2020;376,2
Lokaludvalg - Uden for inddeling;2021;391,4
Lokaludvalg - Uden for inddeling;2022;387,8
Lokaludvalg - Uden for inddeling;2023;208,5
Lokaludvalg - Uden for inddeling;2024;164,5
Indre By - Middelalderbyen;2006;1535,4
Indre By - Middelalderbyen;2007;1319,7
Indre By - Middelalderbyen;2008;1475,3
Indre By - Middelalderbyen;2009;1314,1
Indre By - Middelalderbyen;2010;1474,6
Indre By - Middelalderbyen;2011;1484,6
Indre By - Middelalderbyen;2012;1177,1
Indre By - Middelalderbyen;2013;1471,0
Indre By - Middelalderbyen;2014;1183,1
Indre By - Middelalderbyen;2015;1448,7
Indre By - Middelalderbyen;2016;1508,2
Indre By - Middelalderbyen;2017;1358,1
Indre By - Middelalderbyen;2018;1501,3
Indre By - Middelalderbyen;2019;1281,4
Indre By - Middelalderbyen;2020;1168,3
Indre By - Middelalderbyen;2021;1152,5
Indre By - Middelalderbyen;2022;1104,0
Indre By - Middelalderbyen;2023;1082,7
Indre By - Middelalderbyen;2024;888,4
Indre By - Metropolzonen;2006;1516,0
Indre By - Metropolzonen;2007;2532,4
Indre By - Metropolzonen;2008;1585,2
Indre By - Metropolzonen;2009;1649,3
Indre By - Metropolzonen;2010;1923,4
Indre By - Metropolzonen;2011;2188,2
Indre By - Metropolzonen;2012;1460,9
Indre By - Metropolzonen;2013;1806,2
Indre By - Metropolzonen;2014;1833,1
Indre By - Metropolzonen;2015;1835,0
Indre By - Metropolzonen;2016;1837,7
Indre By - Metropolzonen;2017;1320,0
Indre By - Metropolzonen;2018;1557,6
Indre By - Metropolzonen;2019;1298,9
Indre By - Metropolzonen;2020;1738,0
Indre By - Metropolzonen;2021;1533,8
Indre By - Metropolzonen;2022;1724,7
Indre By - Metropolzonen;2023;1036,2
Indre By - Metropolzonen;2024;917,2
Indre By - Nansensgade-kvarteret;2006;1713,3
Indre By - Nansensgade-kvarteret;2007;1507,4
Indre By - Nansensgade-kvarteret;2008;1537,6
Indre By - Nansensgade-kvarteret;2009;1596,8
Indre By - Nansensgade-kvarteret;2010;1265,0
Indre By - Nansensgade-kvarteret;2011;1473,3
Indre By - Nansensgade-kvarteret;2012;1732,5
Indre By - Nansensgade-kvarteret;2013;1494,1
Indre By - Nansensgade-kvarteret;2014;1456,2
Indre By - Nansensgade-kvarteret;2015;1389,2
Indre By - Nansensgade-kvarteret;2016;1718,0
Indre By - Nansensgade-kvarteret;2017;1738,6
Indre By - Nansensgade-kvarteret;2018;1498,5
Indre By - Nansensgade-kvarteret;2019;1473,4
Indre By - Nansensgade-kvarteret;2020;1235,8
Indre By - Nansensgade-kvarteret;2021;1317,1
Indre By - Nansensgade-kvarteret;2022;1164,7
Indre By - Nansensgade-kvarteret;2023;1195,8
Indre By - Nansensgade-kvarteret;2024;1592,9
Indre By - Øster Farimagsgade-kvarteret;2006;1643,3
Indre By - Øster Farimagsgade-kvarteret;2007;1639,1
Indre By - Øster Farimagsgade-kvarteret;2008;1721,4
Indre By - Øster Farimagsgade-kvarteret;2009;1631,9
Indre By - Øster Farimagsgade-kvarteret;2010;1521,8
Indre By - Øster Farimagsgade-kvarteret;2011;1692,6
Indre By - Øster Farimagsgade-kvarteret;2012;1619,4
Indre By - Øster Farimagsgade-kvarteret;2013;1489,5
Indre By - Øster Farimagsgade-kvarteret;2014;1340,4
Indre By - Øster Farimagsgade-kvarteret;2015;1759,3
Indre By - Øster Farimagsgade-kvarteret;2016;1790,0
Indre By - Øster Farimagsgade-kvarteret;2017;1491,3
Indre By - Øster Farimagsgade-kvarteret;2018;1655,8
Indre By - Øster Farimagsgade-kvarteret;2019;1508,0
Indre By - Øster Farimagsgade-kvarteret;2020;1197,3
Indre By - Øster Farimagsgade-kvarteret;2021;1720,3
Indre By - Øster Farimagsgade-kvarteret;2022;1027,8
Indre By - Øster Farimagsgade-kvarteret;2023;1481,6
Indre By - Øster Farimagsgade-kvarteret;2024;1334,8
Indre By - Østerport;2006;1349,2
Indre By - Østerport;2007;1557,1
Indre By - Østerport;2008;1199,7
Indre By - Østerport;2009;1455,1
Indre By - Østerport;2010;2065,9
Indre By - Østerport;2011;1241,9
Indre By - Østerport;2012;1530,2
Indre By - Østerport;2013;1399,1
Indre By - Østerport;2014;1385,8
Indre By - Østerport;2015;1300,0
Indre By - Østerport;2016;1606,6
Indre By - Østerport;2017;1157,5
Indre By - Østerport;2018;1545,5
Indre By - Østerport;2019;1441,2
Indre By - Østerport;2020;1507,8
Indre By - Østerport;2021;1608,0
Indre By - Østerport;2022;1059,9
Indre By - Østerport;2023;1312,8
Indre By - Østerport;2024;1596,1
Indre By - Frederiksstaden;2006;1398,6
Indre By - Frederiksstaden;2007;1460,4
Indre By - Frederiksstaden;2008;1602,2
Indre By - Frederiksstaden;2009;1558,9
Indre By - Frederiksstaden;2010;1495,5
Indre By - Frederiksstaden;2011;1617,6
Indre By - Frederiksstaden;2012;1334,1
Indre By - Frederiksstaden;2013;1275,1
Indre By - Frederiksstaden;2014;1454,3
Indre By - Frederiksstaden;2015;1181,3
Indre By - Frederiksstaden;2016;1645,1
Indre By - Frederiksstaden;2017;1560,2
Indre By - Frederiksstaden;2018;1368,3
Indre By - Frederiksstaden;2019;1605,5
Indre By - Frederiksstaden;2020;1543,6
Indre By - Frederiksstaden;2021;1531,5
Indre By - Frederiksstaden;2022;1349,6
Indre By - Frederiksstaden;2023;1073,7
Indre By - Frederiksstaden;2024;1477,8
Indre By - Gammelholm og Nyhavn;2006;1101,7
Indre By - Gammelholm og Nyhavn;2007;2078,3
Indre By - Gammelholm og Nyhavn;2008;1304,3
Indre By - Gammelholm og Nyhavn;2009;1654,5
Indre By - Gammelholm og Nyhavn;2010;1122,8
Indre By - Gammelholm og Nyhavn;2011;1420,5
Indre By - Gammelholm og Nyhavn;2012;1166,1
Indre By - Gammelholm og Nyhavn;2013;1379,9
Indre By - Gammelholm og Nyhavn;2014;1533,5
Indre By - Gammelholm og Nyhavn;2015;975,3
Indre By - Gammelholm og Nyhavn;2016;1574,8
Indre By - Gammelholm og Nyhavn;2017;1316,5
Indre By - Gammelholm og Nyhavn;2018;1249,3
Indre By - Gammelholm og Nyhavn;2019;1249,7
Indre By - Gammelholm og Nyhavn;2020;1455,6
Indre By - Gammelholm og Nyhavn;2021;1761,2
Indre By - Gammelholm og Nyhavn;2022;1347,4
Indre By - Gammelholm og Nyhavn;2023;1105,8
Indre By - Gammelholm og Nyhavn;2024;1621,2
Christianshavn - Neden Vandet;2006;1231,0
Christianshavn - Neden Vandet;2007;2030,7
Christianshavn - Neden Vandet;2008;2060,0
Christianshavn - Neden Vandet;2009;1408,8
Christianshavn - Neden Vandet;2010;1900,1
Christianshavn - Neden Vandet;2011;1865,9
Christianshavn - Neden Vandet;2012;2144,1
Christianshavn - Neden Vandet;2013;1759,2
Christianshavn - Neden Vandet;2014;2039,0
Christianshavn - Neden Vandet;2015;1609,6
Christianshavn - Neden Vandet;2016;1905,5
Christianshavn - Neden Vandet;2017;1827,3
Christianshavn - Neden Vandet;2018;1361,8
Christianshavn - Neden Vandet;2019;1468,3
Christianshavn - Neden Vandet;2020;1636,5
Christianshavn - Neden Vandet;2021;1690,0
Christianshavn - Neden Vandet;2022;1429,0
Christianshavn - Neden Vandet;2023;1624,9
Christianshavn - Neden Vandet;2024;2106,2
Christianshavn - Oven Vandet;2006;968,2
Christianshavn - Oven Vandet;2007;1490,5
Christianshavn - Oven Vandet;2008;1310,2
Christianshavn - Oven Vandet;2009;1557,1
Christianshavn - Oven Vandet;2010;1536,0
Christianshavn - Oven Vandet;2011;935,4
Christianshavn - Oven Vandet;2012;1377,0
Christianshavn - Oven Vandet;2013;1222,3
Christianshavn - Oven Vandet;2014;1502,5
Christianshavn - Oven Vandet;2015;1291,5
Christianshavn - Oven Vandet;2016;1674,0
Christianshavn - Oven Vandet;2017;1478,8
Christianshavn - Oven Vandet;2018;1490,5
Christianshavn - Oven Vandet;2019;1408,9
Christianshavn - Oven Vandet;2020;1622,7
Christianshavn - Oven Vandet;2021;1196,0
Christianshavn - Oven Vandet;2022;1585,9
Christianshavn - Oven Vandet;2023;1172,5
Christianshavn - Oven Vandet;2024;1487,7
Christianshavn - Holmen og Refshaleøen;2006;2640,3
Christianshavn - Holmen og Refshaleøen;2007;2904,4
Christianshavn - Holmen og Refshaleøen;2008;3227,0
Christianshavn - Holmen og Refshaleøen;2009;2147,2
Christianshavn - Holmen og Refshaleøen;2010;3507,0
Christianshavn - Holmen og Refshaleøen;2011;2530,2
Christianshavn - Holmen og Refshaleøen;2012;2876,4
Christianshavn - Holmen og Refshaleøen;2013;3261,5
Christianshavn - Holmen og Refshaleøen;2014;1926,8
Christianshavn - Holmen og Refshaleøen;2015;2973,8
Christianshavn - Holmen og Refshaleøen;2016;2086,1
Christianshavn - Holmen og Refshaleøen;2017;2076,3
Christianshavn - Holmen og Refshaleøen;2018;2621,5
Christianshavn - Holmen og Refshaleøen;2019;1890,5
Christianshavn - Holmen og Refshaleøen;2020;1882,3
Christianshavn - Holmen og Refshaleøen;2021;2030,8
Christianshavn - Holmen og Refshaleøen;2022;1663,9
Christianshavn - Holmen og Refshaleøen;2023;1217,5
Christianshavn - Holmen og Refshaleøen;2024;2017,9
Østerbro - Nord/Komponistkvarteret;2006;1173,4
Østerbro - Nord/Komponistkvarteret;2007;1368,6
Østerbro - Nord/Komponistkvarteret;2008;1813,1
Østerbro - Nord/Komponistkvarteret;2009;1807,3
Østerbro - Nord/Komponistkvarteret;2010;1530,1
Østerbro - Nord/Komponistkvarteret;2011;1585,3
Østerbro - Nord/Komponistkvarteret;2012;1328,5
Østerbro - Nord/Komponistkvarteret;2013;1317,3
Østerbro - Nord/Komponistkvarteret;2014;2012,9
Østerbro - Nord/Komponistkvarteret;2015;1701,6
Østerbro - Nord/Komponistkvarteret;2016;1517,7
Østerbro - Nord/Komponistkvarteret;2017;1678,4
Østerbro - Nord/Komponistkvarteret;2018;1375,8
Østerbro - Nord/Komponistkvarteret;2019;1799,8
Østerbro - Nord/Komponistkvarteret;2020;2094,2
Østerbro - Nord/Komponistkvarteret;2021;1753,0
Østerbro - Nord/Komponistkvarteret;2022;1426,0
Østerbro - Nord/Komponistkvarteret;2023;2129,2
Østerbro - Nord/Komponistkvarteret;2024;1061,9
Østerbro - Svanemøllen Syd/Øst;2006;1491,4
Østerbro - Svanemøllen Syd/Øst;2007;1325,0
Østerbro - Svanemøllen Syd/Øst;2008;1633,3
Østerbro - Svanemøllen Syd/Øst;2009;1463,1
Østerbro - Svanemøllen Syd/Øst;2010;1319,8
Østerbro - Svanemøllen Syd/Øst;2011;1273,8
Østerbro - Svanemøllen Syd/Øst;2012;1555,7
Østerbro - Svanemøllen Syd/Øst;2013;1465,4
Østerbro - Svanemøllen Syd/Øst;2014;1558,6
Østerbro - Svanemøllen Syd/Øst;2015;1389,8
Østerbro - Svanemøllen Syd/Øst;2016;1481,4
Østerbro - Svanemøllen Syd/Øst;2017;1306,5
Østerbro - Svanemøllen Syd/Øst;2018;1382,1
Østerbro - Svanemøllen Syd/Øst;2019;1582,6
Østerbro - Svanemøllen Syd/Øst;2020;1349,3
Østerbro - Svanemøllen Syd/Øst;2021;1403,9
Østerbro - Svanemøllen Syd/Øst;2022;1187,0
Østerbro - Svanemøllen Syd/Øst;2023;1260,2
Østerbro - Svanemøllen Syd/Øst;2024;1370,3
Østerbro - Århusgade Nord;2006;1862,1
Østerbro - Århusgade Nord;2007;1626,4
Østerbro - Århusgade Nord;2008;1672,6
Østerbro - Århusgade Nord;2009;1669,8
Østerbro - Århusgade Nord;2010;1416,2
Østerbro - Århusgade Nord;2011;1772,7
Østerbro - Århusgade Nord;2012;1517,3
Østerbro - Århusgade Nord;2013;1581,2
Østerbro - Århusgade Nord;2014;1359,2
Østerbro - Århusgade Nord;2015;1422,3
Østerbro - Århusgade Nord;2016;1466,2
Østerbro - Århusgade Nord;2017;1804,3
Østerbro - Århusgade Nord;2018;1619,6
Østerbro - Århusgade Nord;2019;1632,7
Østerbro - Århusgade Nord;2020;1759,6
Østerbro - Århusgade Nord;2021;1867,4
Østerbro - Århusgade Nord;2022;1401,4
Østerbro - Århusgade Nord;2023;1389,0
Østerbro - Århusgade Nord;2024;1279,6
Østerbro - Århusgade Syd;2006;1566,6
Østerbro - Århusgade Syd;2007;1650,7
Østerbro - Århusgade Syd;2008;1733,8
Østerbro - Århusgade Syd;2009;1605,2
Østerbro - Århusgade Syd;2010;1516,7
Østerbro - Århusgade Syd;2011;1440,5
Østerbro - Århusgade Syd;2012;1588,5
Østerbro - Århusgade Syd;2013;1576,4
Østerbro - Århusgade Syd;2014;1649,9
Østerbro - Århusgade Syd;2015;1787,2
Østerbro - Århusgade Syd;2016;1781,2
Østerbro - Århusgade Syd;2017;1754,3
Østerbro - Århusgade Syd;2018;1739,8
Østerbro - Århusgade Syd;2019;1945,3
Østerbro - Århusgade Syd;2020;1834,2
Østerbro - Århusgade Syd;2021;1626,5
Østerbro - Århusgade Syd;2022;1366,7
Østerbro - Århusgade Syd;2023;1573,6
Østerbro - Århusgade Syd;2024;1553,6
Østerbro - Rosenvænget;2006;1694,0
Østerbro - Rosenvænget;2007;1664,3
Østerbro - Rosenvænget;2008;1580,9
Østerbro - Rosenvænget;2009;1881,2
Østerbro - Rosenvænget;2010;1912,8
Østerbro - Rosenvænget;2011;1353,7
Østerbro - Rosenvænget;2012;1597,0
Østerbro - Rosenvænget;2013;1649,7
Østerbro - Rosenvænget;2014;1634,8
Østerbro - Rosenvænget;2015;1543,9
Østerbro - Rosenvænget;2016;1579,4
Østerbro - Rosenvænget;2017;1772,1
Østerbro - Rosenvænget;2018;1516,7
Østerbro - Rosenvænget;2019;1625,0
Østerbro - Rosenvænget;2020;1582,7
Østerbro - Rosenvænget;2021;1743,3
Østerbro - Rosenvænget;2022;1343,5
Østerbro - Rosenvænget;2023;1522,7
Østerbro - Rosenvænget;2024;1322,6
Østerbro - Ny Ryvang;2006;2018,1
Østerbro - Ny Ryvang;2007;1420,1
Østerbro - Ny Ryvang;2008;1323,9
Østerbro - Ny Ryvang;2009;1648,4
Østerbro - Ny Ryvang;2010;2026,3
Østerbro - Ny Ryvang;2011;1651,6
Østerbro - Ny Ryvang;2012;1574,8
Østerbro - Ny Ryvang;2013;1736,6
Østerbro - Ny Ryvang;2014;1340,2
Østerbro - Ny Ryvang;2015;1615,2
Østerbro - Ny Ryvang;2016;1979,9
Østerbro - Ny Ryvang;2017;1136,3
Østerbro - Ny Ryvang;2018;1512,5
Østerbro - Ny Ryvang;2019;1253,5
Østerbro - Ny Ryvang;2020;1295,8
Østerbro - Ny Ryvang;2021;1505,2
Østerbro - Ny Ryvang;2022;1425,3
Østerbro - Ny Ryvang;2023;956,5
Østerbro - Ny Ryvang;2024;952,4
Østerbro - Nord;2006;1753,5
Østerbro - Nord;2007;1765,9
Østerbro - Nord;2008;1499,3
Østerbro - Nord;2009;1805,3
Østerbro - Nord;2010;2114,2
Østerbro - Nord;2011;1843,2
Østerbro - Nord;2012;1388,6
Østerbro - Nord;2013;1561,1
Østerbro - Nord;2014;1191,0
Østerbro - Nord;2015;1649,4
Østerbro - Nord;2016;2066,8
Østerbro - Nord;2017;1562,9
Østerbro - Nord;2018;1402,3
Østerbro - Nord;2019;1513,8
Østerbro - Nord;2020;1861,7
Østerbro - Nord;2021;1513,7
Østerbro - Nord;2022;1220,5
Østerbro - Nord;2023;1539,6
Østerbro - Nord;2024;1301,7
Østerbro - Nordhavn;2006;2657,2
Østerbro - Nordhavn;2007;2383,1
Østerbro - Nordhavn;2008;2221,3
Østerbro - Nordhavn;2009;2665,7
Østerbro - Nordhavn;2010;2550,2
Østerbro - Nordhavn;2011;2476,4
Østerbro - Nordhavn;2012;1752,3
Østerbro - Nordhavn;2013;2580,9
Østerbro - Nordhavn;2014;2303,9
Østerbro - Nordhavn;2015;2531,1
Østerbro - Nordhavn;2016;2486,8
Østerbro - Nordhavn;2017;2162,6
Østerbro - Nordhavn;2018;2484,9
Østerbro - Nordhavn;2019;2528,0
Østerbro - Nordhavn;2020;2115,6
Østerbro - Nordhavn;2021;1738,6
Østerbro - Nordhavn;2022;1901,4
Østerbro - Nordhavn;2023;1597,0
Østerbro - Nordhavn;2024;1795,7
Østerbro - Lyngbyvej Vest;2006;1487,0
Østerbro - Lyngbyvej Vest;2007;1228,5
Østerbro - Lyngbyvej Vest;2008;1829,0
Østerbro - Lyngbyvej Vest;2009;1831,9
Østerbro - Lyngbyvej Vest;2010;1521,6
Østerbro - Lyngbyvej Vest;2011;1480,0
Østerbro - Lyngbyvej Vest;2012;1730,3
Østerbro - Lyngbyvej Vest;2013;1639,8
Østerbro - Lyngbyvej Vest;2014;1556,4
Østerbro - Lyngbyvej Vest;2015;1754,6
Østerbro - Lyngbyvej Vest;2016;1862,2
Østerbro - Lyngbyvej Vest;2017;1457,1
Østerbro - Lyngbyvej Vest;2018;1695,6
Østerbro - Lyngbyvej Vest;2019;1775,4
Østerbro - Lyngbyvej Vest;2020;1771,7
Østerbro - Lyngbyvej Vest;2021;1570,8
Østerbro - Lyngbyvej Vest;2022;1228,3
Østerbro - Lyngbyvej Vest;2023;1452,4
Østerbro - Lyngbyvej Vest;2024;1466,3
Østerbro - Lyngbyvej Øst/Klimakvarteret;2006;1553,7
Østerbro - Lyngbyvej Øst/Klimakvarteret;2007;1556,7
Østerbro - Lyngbyvej Øst/Klimakvarteret;2008;1683,9
Østerbro - Lyngbyvej Øst/Klimakvarteret;2009;1733,9
Østerbro - Lyngbyvej Øst/Klimakvarteret;2010;1857,6
Østerbro - Lyngbyvej Øst/Klimakvarteret;2011;1379,9
Østerbro - Lyngbyvej Øst/Klimakvarteret;2012;1674,2
Østerbro - Lyngbyvej Øst/Klimakvarteret;2013;1699,9
Østerbro - Lyngbyvej Øst/Klimakvarteret;2014;1444,5
Østerbro - Lyngbyvej Øst/Klimakvarteret;2015;1457,6
Østerbro - Lyngbyvej Øst/Klimakvarteret;2016;1766,4
Østerbro - Lyngbyvej Øst/Klimakvarteret;2017;1372,6
Østerbro - Lyngbyvej Øst/Klimakvarteret;2018;1768,3
Østerbro - Lyngbyvej Øst/Klimakvarteret;2019;1846,4
Østerbro - Lyngbyvej Øst/Klimakvarteret;2020;1517,3
Østerbro - Lyngbyvej Øst/Klimakvarteret;2021;1628,3
Østerbro - Lyngbyvej Øst/Klimakvarteret;2022;1750,6
Østerbro - Lyngbyvej Øst/Klimakvarteret;2023;1393,1
Østerbro - Lyngbyvej Øst/Klimakvarteret;2024;1409,7
Østerbro - Fælled;2006;1336,2
Østerbro - Fælled;2007;1480,2
Østerbro - Fælled;2008;1568,7
Østerbro - Fælled;2009;1356,3
Østerbro - Fælled;2010;1878,7
Østerbro - Fælled;2011;1613,8
Østerbro - Fælled;2012;1641,0
Østerbro - Fælled;2013;1603,2
Østerbro - Fælled;2014;1475,6
Østerbro - Fælled;2015;1551,4
Østerbro - Fælled;2016;1614,2
Østerbro - Fælled;2017;1496,9
Østerbro - Fælled;2018;1587,0
Østerbro - Fælled;2019;1209,1
Østerbro - Fælled;2020;1394,4
Østerbro - Fælled;2021;1520,1
Østerbro - Fælled;2022;1307,1
Østerbro - Fælled;2023;1141,7
Østerbro - Fælled;2024;1287,2
Nørrebro - Blågårdskvarteret/Assistens/Rantzausgade;2006;1564,9
Nørrebro - Blågårdskvarteret/Assistens/Rantzausgade;2007;1583,9
Nørrebro - Blågårdskvarteret/Assistens/Rantzausgade;2008;1583,4
Nørrebro - Blågårdskvarteret/Assistens/Rantzausgade;2009;1625,5
Nørrebro - Blågårdskvarteret/Assistens/Rantzausgade;2010;1564,4
Nørrebro - Blågårdskvarteret/Assistens/Rantzausgade;2011;1493,3
Nørrebro - Blågårdskvarteret/Assistens/Rantzausgade;2012;1383,2
Nørrebro - Blågårdskvarteret/Assistens/Rantzausgade;2013;1190,3
Nørrebro - Blågårdskvarteret/Assistens/Rantzausgade;2014;1408,9
Nørrebro - Blågårdskvarteret/Assistens/Rantzausgade;2015;1718,1
Nørrebro - Blågårdskvarteret/Assistens/Rantzausgade;2016;1720,1
Nørrebro - Blågårdskvarteret/Assistens/Rantzausgade;2017;1699,9
Nørrebro - Blågårdskvarteret/Assistens/Rantzausgade;2018;1601,1
Nørrebro - Blågårdskvarteret/Assistens/Rantzausgade;2019;1465,9
Nørrebro - Blågårdskvarteret/Assistens/Rantzausgade;2020;1585,9
Nørrebro - Blågårdskvarteret/Assistens/Rantzausgade;2021;1738,0
Nørrebro - Blågårdskvarteret/Assistens/Rantzausgade;2022;1323,9
Nørrebro - Blågårdskvarteret/Assistens/Rantzausgade;2023;1410,7
Nørrebro - Blågårdskvarteret/Assistens/Rantzausgade;2024;1251,9
Nørrebro - Guldbergskvarteret/Panum/Ravnsborggade;2006;1253,1
Nørrebro - Guldbergskvarteret/Panum/Ravnsborggade;2007;1452,4
Nørrebro - Guldbergskvarteret/Panum/Ravnsborggade;2008;1469,6
Nørrebro - Guldbergskvarteret/Panum/Ravnsborggade;2009;1443,0
Nørrebro - Guldbergskvarteret/Panum/Ravnsborggade;2010;1681,7
Nørrebro - Guldbergskvarteret/Panum/Ravnsborggade;2011;1398,5
Nørrebro - Guldbergskvarteret/Panum/Ravnsborggade;2012;1566,6
Nørrebro - Guldbergskvarteret/Panum/Ravnsborggade;2013;1364,7
Nørrebro - Guldbergskvarteret/Panum/Ravnsborggade;2014;1517,2
Nørrebro - Guldbergskvarteret/Panum/Ravnsborggade;2015;1536,5
Nørrebro - Guldbergskvarteret/Panum/Ravnsborggade;2016;1583,0
Nørrebro - Guldbergskvarteret/Panum/Ravnsborggade;2017;1603,0
Nørrebro - Guldbergskvarteret/Panum/Ravnsborggade;2018;1558,4
Nørrebro - Guldbergskvarteret/Panum/Ravnsborggade;2019;1715,7
Nørrebro - Guldbergskvarteret/Panum/Ravnsborggade;2020;1590,3
Nørrebro - Guldbergskvarteret/Panum/Ravnsborggade;2021;1621,2
Nørrebro - Guldbergskvarteret/Panum/Ravnsborggade;2022;1298,2
Nørrebro - Guldbergskvarteret/Panum/Ravnsborggade;2023;1294,9
Nørrebro - Guldbergskvarteret/Panum/Ravnsborggade;2024;1372,4
Nørrebro - Stefansgade/Nørrebroparken/Lundtoftegade;2006;1393,1
Nørrebro - Stefansgade/Nørrebroparken/Lundtoftegade;2007;1439,1
Nørrebro - Stefansgade/Nørrebroparken/Lundtoftegade;2008;1567,7
Nørrebro - Stefansgade/Nørrebroparken/Lundtoftegade;2009;1553,2
Nørrebro - Stefansgade/Nørrebroparken/Lundtoftegade;2010;1530,9
Nørrebro - Stefansgade/Nørrebroparken/Lundtoftegade;2011;1527,6
Nørrebro - Stefansgade/Nørrebroparken/Lundtoftegade;2012;1304,6
Nørrebro - Stefansgade/Nørrebroparken/Lundtoftegade;2013;1554,7
Nørrebro - Stefansgade/Nørrebroparken/Lundtoftegade;2014;1394,0
Nørrebro - Stefansgade/Nørrebroparken/Lundtoftegade;2015;1470,3
Nørrebro - Stefansgade/Nørrebroparken/Lundtoftegade;2016;1484,3
Nørrebro - Stefansgade/Nørrebroparken/Lundtoftegade;2017;1658,9
Nørrebro - Stefansgade/Nørrebroparken/Lundtoftegade;2018;1629,6
Nørrebro - Stefansgade/Nørrebroparken/Lundtoftegade;2019;1538,6
Nørrebro - Stefansgade/Nørrebroparken/Lundtoftegade;2020;1490,2
Nørrebro - Stefansgade/Nørrebroparken/Lundtoftegade;2021;1582,5
Nørrebro - Stefansgade/Nørrebroparken/Lundtoftegade;2022;1428,5
Nørrebro - Stefansgade/Nørrebroparken/Lundtoftegade;2023;1380,2
Nørrebro - Stefansgade/Nørrebroparken/Lundtoftegade;2024;1368,5
Nørrebro - Mimersgade-kvarteret/ Nørrebro St.;2006;1561,0
Nørrebro - Mimersgade-kvarteret/ Nørrebro St.;2007;1480,4
Nørrebro - Mimersgade-kvarteret/ Nørrebro St.;2008;1319,3
Nørrebro - Mimersgade-kvarteret/ Nørrebro St.;2009;1539,2
Nørrebro - Mimersgade-kvarteret/ Nørrebro St.;2010;1617,4
Nørrebro - Mimersgade-kvarteret/ Nørrebro St.;2011;1548,4
Nørrebro - Mimersgade-kvarteret/ Nørrebro St.;2012;1440,2
Nørrebro - Mimersgade-kvarteret/ Nørrebro St.;2013;1385,0
Nørrebro - Mimersgade-kvarteret/ Nørrebro St.;2014;1456,5
Nørrebro - Mimersgade-kvarteret/ Nørrebro St.;2015;1524,7
Nørrebro - Mimersgade-kvarteret/ Nørrebro St.;2016;1608,5
Nørrebro - Mimersgade-kvarteret/ Nørrebro St.;2017;1688,9
Nørrebro - Mimersgade-kvarteret/ Nørrebro St.;2018;1457,9
Nørrebro - Mimersgade-kvarteret/ Nørrebro St.;2019;1462,8
Nørrebro - Mimersgade-kvarteret/ Nørrebro St.;2020;1407,5
Nørrebro - Mimersgade-kvarteret/ Nørrebro St.;2021;1549,4
Nørrebro - Mimersgade-kvarteret/ Nørrebro St.;2022;1341,6
Nørrebro - Mimersgade-kvarteret/ Nørrebro St.;2023;1358,7
Nørrebro - Mimersgade-kvarteret/ Nørrebro St.;2024;1232,8
Nørrebro - Haraldsgade-kvarteret;2006;1557,7
Nørrebro - Haraldsgade-kvarteret;2007;1366,2
Nørrebro - Haraldsgade-kvarteret;2008;1440,8
Nørrebro - Haraldsgade-kvarteret;2009;1572,1
Nørrebro - Haraldsgade-kvarteret;2010;1385,2
Nørrebro - Haraldsgade-kvarteret;2011;1350,0
Nørrebro - Haraldsgade-kvarteret;2012;1358,2
Nørrebro - Haraldsgade-kvarteret;2013;1344,9
Nørrebro - Haraldsgade-kvarteret;2014;1418,0
Nørrebro - Haraldsgade-kvarteret;2015;1490,4
Nørrebro - Haraldsgade-kvarteret;2016;1362,0
Nørrebro - Haraldsgade-kvarteret;2017;1380,7
Nørrebro - Haraldsgade-kvarteret;2018;1166,4
Nørrebro - Haraldsgade-kvarteret;2019;1268,3
Nørrebro - Haraldsgade-kvarteret;2020;1585,0
Nørrebro - Haraldsgade-kvarteret;2021;1517,1
Nørrebro - Haraldsgade-kvarteret;2022;1340,3
Nørrebro - Haraldsgade-kvarteret;2023;1345,8
Nørrebro - Haraldsgade-kvarteret;2024;1235,2
Vesterbro - Vest;2006;1525,8
Vesterbro - Vest;2007;1581,3
Vesterbro - Vest;2008;1735,0
Vesterbro - Vest;2009;1579,7
Vesterbro - Vest;2010;1774,6
Vesterbro - Vest;2011;1713,4
Vesterbro - Vest;2012;1748,2
Vesterbro - Vest;2013;1436,9
Vesterbro - Vest;2014;1623,2
Vesterbro - Vest;2015;1677,0
Vesterbro - Vest;2016;1458,3
Vesterbro - Vest;2017;1525,7
Vesterbro - Vest;2018;1830,6
Vesterbro - Vest;2019;1848,0
Vesterbro - Vest;2020;1775,2
Vesterbro - Vest;2021;1869,7
Vesterbro - Vest;2022;1838,6
Vesterbro - Vest;2023;1824,2
Vesterbro - Vest;2024;1875,7
Vesterbro - Central;2006;1523,0
Vesterbro - Central;2007;1519,5
Vesterbro - Central;2008;1378,3
Vesterbro - Central;2009;1534,5
Vesterbro - Central;2010;1611,0
Vesterbro - Central;2011;1461,4
Vesterbro - Central;2012;1583,7
Vesterbro - Central;2013;1492,4
Vesterbro - Central;2014;1541,4
Vesterbro - Central;2015;1636,3
Vesterbro - Central;2016;1617,9
Vesterbro - Central;2017;1674,1
Vesterbro - Central;2018;1652,4
Vesterbro - Central;2019;1665,9
Vesterbro - Central;2020;1532,7
Vesterbro - Central;2021;1601,7
Vesterbro - Central;2022;1539,1
Vesterbro - Central;2023;1444,8
Vesterbro - Central;2024;1446,5
Vesterbro - Øst;2006;1583,5
Vesterbro - Øst;2007;1557,7
Vesterbro - Øst;2008;1695,5
Vesterbro - Øst;2009;1479,8
Vesterbro - Øst;2010;1396,2
Vesterbro - Øst;2011;1321,0
Vesterbro - Øst;2012;1471,7
Vesterbro - Øst;2013;1557,4
Vesterbro - Øst;2014;1378,3
Vesterbro - Øst;2015;1489,7
Vesterbro - Øst;2016;1689,2
Vesterbro - Øst;2017;1402,6
Vesterbro - Øst;2018;1550,0
Vesterbro - Øst;2019;1559,0
Vesterbro - Øst;2020;1657,6
Vesterbro - Øst;2021;1795,8
Vesterbro - Øst;2022;1616,8
Vesterbro - Øst;2023;1229,3
Vesterbro - Øst;2024;1504,3
Vesterbro - Syd;2006;0,0
Vesterbro - Syd;2007;400,0
Vesterbro - Syd;2008;1552,4
Vesterbro - Syd;2009;1662,1
Vesterbro - Syd;2010;2050,3
Vesterbro - Syd;2011;2117,0
Vesterbro - Syd;2012;3064,2
Vesterbro - Syd;2013;1665,1
Vesterbro - Syd;2014;3077,0
Vesterbro - Syd;2015;1941,4
Vesterbro - Syd;2016;2294,3
Vesterbro - Syd;2017;1933,8
Vesterbro - Syd;2018;1695,1
Vesterbro - Syd;2019;2158,2
Vesterbro - Syd;2020;2045,6
Vesterbro - Syd;2021;1773,7
Vesterbro - Syd;2022;1489,1
Vesterbro - Syd;2023;1577,8
Vesterbro - Syd;2024;1161,4
Kgs. Enghave - Bavnehøj;2006;1470,0
Kgs. Enghave - Bavnehøj;2007;1095,4
Kgs. Enghave - Bavnehøj;2008;1025,3
Kgs. Enghave - Bavnehøj;2009;1273,8
Kgs. Enghave - Bavnehøj;2010;1278,8
Kgs. Enghave - Bavnehøj;2011;1623,6
Kgs. Enghave - Bavnehøj;2012;1176,6
Kgs. Enghave - Bavnehøj;2013;1281,3
Kgs. Enghave - Bavnehøj;2014;1184,1
Kgs. Enghave - Bavnehøj;2015;1487,6
Kgs. Enghave - Bavnehøj;2016;1403,4
Kgs. Enghave - Bavnehøj;2017;1318,3
Kgs. Enghave - Bavnehøj;2018;1202,3
Kgs. Enghave - Bavnehøj;2019;1285,0
Kgs. Enghave - Bavnehøj;2020;1205,8
Kgs. Enghave - Bavnehøj;2021;1479,0
Kgs. Enghave - Bavnehøj;2022;1240,5
Kgs. Enghave - Bavnehøj;2023;1224,1
Kgs. Enghave - Bavnehøj;2024;886,4
Kgs. Enghave - Gl. Sydhavn;2006;1213,8
Kgs. Enghave - Gl. Sydhavn;2007;1553,7
Kgs. Enghave - Gl. Sydhavn;2008;1338,7
Kgs. Enghave - Gl. Sydhavn;2009;1510,6
Kgs. Enghave - Gl. Sydhavn;2010;1526,7
Kgs. Enghave - Gl. Sydhavn;2011;1644,8
Kgs. Enghave - Gl. Sydhavn;2012;1677,4
Kgs. Enghave - Gl. Sydhavn;2013;1573,7
Kgs. Enghave - Gl. Sydhavn;2014;1469,1
Kgs. Enghave - Gl. Sydhavn;2015;1639,5
Kgs. Enghave - Gl. Sydhavn;2016;1558,9
Kgs. Enghave - Gl. Sydhavn;2017;1419,0
Kgs. Enghave - Gl. Sydhavn;2018;1415,8
Kgs. Enghave - Gl. Sydhavn;2019;1462,6
Kgs. Enghave - Gl. Sydhavn;2020;1288,7
Kgs. Enghave - Gl. Sydhavn;2021;1089,4
Kgs. Enghave - Gl. Sydhavn;2022;1088,7
Kgs. Enghave - Gl. Sydhavn;2023;1041,9
Kgs. Enghave - Gl. Sydhavn;2024;1188,9
Kgs. Enghave - Holmene;2006;2759,6
Kgs. Enghave - Holmene;2007;1978,6
Kgs. Enghave - Holmene;2008;2579,7
Kgs. Enghave - Holmene;2009;2785,6
Kgs. Enghave - Holmene;2010;3108,8
Kgs. Enghave - Holmene;2011;2701,9
Kgs. Enghave - Holmene;2012;2790,4
Kgs. Enghave - Holmene;2013;2189,4
Kgs. Enghave - Holmene;2014;2663,6
Kgs. Enghave - Holmene;2015;1967,3
Kgs. Enghave - Holmene;2016;2206,1
Kgs. Enghave - Holmene;2017;2009,9
Kgs. Enghave - Holmene;2018;1795,7
Kgs. Enghave - Holmene;2019;2092,0
Kgs. Enghave - Holmene;2020;1683,2
Kgs. Enghave - Holmene;2021;1867,6
Kgs. Enghave - Holmene;2022;1412,8
Kgs. Enghave - Holmene;2023;1406,6
Kgs. Enghave - Holmene;2024;1382,1
Valby - Gl. Valby;2006;1587,2
Valby - Gl. Valby;2007;1264,6
Valby - Gl. Valby;2008;1729,6
Valby - Gl. Valby;2009;1501,1
Valby - Gl. Valby;2010;1868,7
Valby - Gl. Valby;2011;1589,6
Valby - Gl. Valby;2012;1621,7
Valby - Gl. Valby;2013;1237,6
Valby - Gl. Valby;2014;1504,2
Valby - Gl. Valby;2015;1327,1
Valby - Gl. Valby;2016;1450,6
Valby - Gl. Valby;2017;1455,6
Valby - Gl. Valby;2018;1423,1
Valby - Gl. Valby;2019;1473,3
Valby - Gl. Valby;2020;1569,7
Valby - Gl. Valby;2021;1695,7
Valby - Gl. Valby;2022;1494,9
Valby - Gl. Valby;2023;1309,9
Valby - Gl. Valby;2024;1272,9
Valby - Syd;2006;1462,9
Valby - Syd;2007;1615,7
Valby - Syd;2008;1928,6
Valby - Syd;2009;1737,0
Valby - Syd;2010;1873,1
Valby - Syd;2011;1887,6
Valby - Syd;2012;1744,0
Valby - Syd;2013;1880,2
Valby - Syd;2014;1708,9
Valby - Syd;2015;1903,8
Valby - Syd;2016;1874,7
Valby - Syd;2017;1939,1
Valby - Syd;2018;1758,8
Valby - Syd;2019;1827,9
Valby - Syd;2020;1637,4
Valby - Syd;2021;1621,0
Valby - Syd;2022;1322,0
Valby - Syd;2023;1319,2
Valby - Syd;2024;1220,4
Valby - Ålholm;2006;1816,8
Valby - Ålholm;2007;1484,8
Valby - Ålholm;2008;1444,9
Valby - Ålholm;2009;1411,6
Valby - Ålholm;2010;1588,4
Valby - Ålholm;2011;1880,5
Valby - Ålholm;2012;1569,5
Valby - Ålholm;2013;1594,5
Valby - Ålholm;2014;1535,9
Valby - Ålholm;2015;1761,5
Valby - Ålholm;2016;1524,0
Valby - Ålholm;2017;1575,3
Valby - Ålholm;2018;1561,6
Valby - Ålholm;2019;1705,3
Valby - Ålholm;2020;1535,2
Valby - Ålholm;2021;1570,0
Valby - Ålholm;2022;1469,7
Valby - Ålholm;2023;1334,9
Valby - Ålholm;2024;1216,4
Valby - Valby Sydvest;2006;1991,4
Valby - Valby Sydvest;2007;2077,3
Valby - Valby Sydvest;2008;2148,0
Valby - Valby Sydvest;2009;2073,1
Valby - Valby Sydvest;2010;2235,6
Valby - Valby Sydvest;2011;1982,8
Valby - Valby Sydvest;2012;1649,7
Valby - Valby Sydvest;2013;2205,3
Valby - Valby Sydvest;2014;1616,7
Valby - Valby Sydvest;2015;2000,2
Valby - Valby Sydvest;2016;1632,4
Valby - Valby Sydvest;2017;1626,6
Valby - Valby Sydvest;2018;1534,3
Valby - Valby Sydvest;2019;1684,5
Valby - Valby Sydvest;2020;2008,0
Valby - Valby Sydvest;2021;1749,4
Valby - Valby Sydvest;2022;1621,3
Valby - Valby Sydvest;2023;1416,8
Valby - Valby Sydvest;2024;1516,3
Valby - Vigerslev;2006;1613,5
Valby - Vigerslev;2007;1604,1
Valby - Vigerslev;2008;1755,9
Valby - Vigerslev;2009;1543,9
Valby - Vigerslev;2010;1505,6
Valby - Vigerslev;2011;1253,5
Valby - Vigerslev;2012;1891,5
Valby - Vigerslev;2013;1570,1
Valby - Vigerslev;2014;1493,5
Valby - Vigerslev;2015;1568,7
Valby - Vigerslev;2016;1783,5
Valby - Vigerslev;2017;1582,0
Valby - Vigerslev;2018;1535,2
Valby - Vigerslev;2019;1570,3
Valby - Vigerslev;2020;1761,0
Valby - Vigerslev;2021;1578,2
Valby - Vigerslev;2022;1269,1
Valby - Vigerslev;2023;1530,1
Valby - Vigerslev;2024;1161,6
Vanløse - Jyllingevej Kvarter;2006;2061,4
Vanløse - Jyllingevej Kvarter;2007;1670,3
Vanløse - Jyllingevej Kvarter;2008;1740,6
Vanløse - Jyllingevej Kvarter;2009;1930,7
Vanløse - Jyllingevej Kvarter;2010;1988,7
Vanløse - Jyllingevej Kvarter;2011;2307,7
Vanløse - Jyllingevej Kvarter;2012;1858,0
Vanløse - Jyllingevej Kvarter;2013;1761,2
Vanløse - Jyllingevej Kvarter;2014;1632,7
Vanløse - Jyllingevej Kvarter;2015;2084,3
Vanløse - Jyllingevej Kvarter;2016;1615,5
Vanløse - Jyllingevej Kvarter;2017;1560,0
Vanløse - Jyllingevej Kvarter;2018;1521,7
Vanløse - Jyllingevej Kvarter;2019;1695,9
Vanløse - Jyllingevej Kvarter;2020;1599,0
Vanløse - Jyllingevej Kvarter;2021;1567,8
Vanløse - Jyllingevej Kvarter;2022;1563,2
Vanløse - Jyllingevej Kvarter;2023;1410,4
Vanløse - Jyllingevej Kvarter;2024;1444,6
Vanløse - Jernbane Allé Kvarter;2006;1290,8
Vanløse - Jernbane Allé Kvarter;2007;1543,8
Vanløse - Jernbane Allé Kvarter;2008;1436,3
Vanløse - Jernbane Allé Kvarter;2009;1585,0
Vanløse - Jernbane Allé Kvarter;2010;1570,9
Vanløse - Jernbane Allé Kvarter;2011;1508,0
Vanløse - Jernbane Allé Kvarter;2012;1504,8
Vanløse - Jernbane Allé Kvarter;2013;1423,9
Vanløse - Jernbane Allé Kvarter;2014;1529,7
Vanløse - Jernbane Allé Kvarter;2015;1494,4
Vanløse - Jernbane Allé Kvarter;2016;1288,9
Vanløse - Jernbane Allé Kvarter;2017;1511,1
Vanløse - Jernbane Allé Kvarter;2018;1380,7
Vanløse - Jernbane Allé Kvarter;2019;1538,6
Vanløse - Jernbane Allé Kvarter;2020;1340,7
Vanløse - Jernbane Allé Kvarter;2021;1305,5
Vanløse - Jernbane Allé Kvarter;2022;1164,2
Vanløse - Jernbane Allé Kvarter;2023;1254,1
Vanløse - Jernbane Allé Kvarter;2024;1180,1
Vanløse - Sallingvej Kvarter;2006;1626,2
Vanløse - Sallingvej Kvarter;2007;1440,2
Vanløse - Sallingvej Kvarter;2008;1416,8
Vanløse - Sallingvej Kvarter;2009;1684,4
Vanløse - Sallingvej Kvarter;2010;1427,3
Vanløse - Sallingvej Kvarter;2011;1880,3
Vanløse - Sallingvej Kvarter;2012;1537,5
Vanløse - Sallingvej Kvarter;2013;1308,5
Vanløse - Sallingvej Kvarter;2014;1539,7
Vanløse - Sallingvej Kvarter;2015;1417,2
Vanløse - Sallingvej Kvarter;2016;1668,1
Vanløse - Sallingvej Kvarter;2017;1494,7
Vanløse - Sallingvej Kvarter;2018;1477,9
Vanløse - Sallingvej Kvarter;2019;1240,8
Vanløse - Sallingvej Kvarter;2020;1422,8
Vanløse - Sallingvej Kvarter;2021;1724,9
Vanløse - Sallingvej Kvarter;2022;1170,7
Vanløse - Sallingvej Kvarter;2023;1292,4
Vanløse - Sallingvej Kvarter;2024;1342,6
Vanløse - Grøndals Park Kvarter;2006;1376,5
Vanløse - Grøndals Park Kvarter;2007;1835,7
Vanløse - Grøndals Park Kvarter;2008;1344,2
Vanløse - Grøndals Park Kvarter;2009;1228,8
Vanløse - Grøndals Park Kvarter;2010;1636,4
Vanløse - Grøndals Park Kvarter;2011;1269,4
Vanløse - Grøndals Park Kvarter;2012;1489,5
Vanløse - Grøndals Park Kvarter;2013;1328,7
Vanløse - Grøndals Park Kvarter;2014;1674,1
Vanløse - Grøndals Park Kvarter;2015;1719,0
Vanløse - Grøndals Park Kvarter;2016;2056,5
Vanløse - Grøndals Park Kvarter;2017;1628,7
Vanløse - Grøndals Park Kvarter;2018;1675,1
Vanløse - Grøndals Park Kvarter;2019;1373,5
Vanløse - Grøndals Park Kvarter;2020;1336,2
Vanløse - Grøndals Park Kvarter;2021;1665,4
Vanløse - Grøndals Park Kvarter;2022;1579,9
Vanløse - Grøndals Park Kvarter;2023;1356,0
Vanløse - Grøndals Park Kvarter;2024;1526,8
Brønshøj-Husum - Husum;2006;2044,6
Brønshøj-Husum - Husum;2007;2098,2
Brønshøj-Husum - Husum;2008;1937,9
Brønshøj-Husum - Husum;2009;1891,0
Brønshøj-Husum - Husum;2010;1814,9
Brønshøj-Husum - Husum;2011;2119,9
Brønshøj-Husum - Husum;2012;1701,5
Brønshøj-Husum - Husum;2013;2000,0
Brønshøj-Husum - Husum;2014;1816,7
Brønshøj-Husum - Husum;2015;1825,2
Brønshøj-Husum - Husum;2016;1913,2
Brønshøj-Husum - Husum;2017;1836,6
Brønshøj-Husum - Husum;2018;1615,2
Brønshøj-Husum - Husum;2019;1966,1
Brønshøj-Husum - Husum;2020;1857,5
Brønshøj-Husum - Husum;2021;1478,6
Brønshøj-Husum - Husum;2022;1411,2
Brønshøj-Husum - Husum;2023;1505,5
Brønshøj-Husum - Husum;2024;1366,1
Brønshøj-Husum - Husum Nord;2006;2177,3
Brønshøj-Husum - Husum Nord;2007;2137,0
Brønshøj-Husum - Husum Nord;2008;2121,4
Brønshøj-Husum - Husum Nord;2009;2571,6
Brønshøj-Husum - Husum Nord;2010;2278,8
Brønshøj-Husum - Husum Nord;2011;2182,1
Brønshøj-Husum - Husum Nord;2012;2150,8
Brønshøj-Husum - Husum Nord;2013;2013,0
Brønshøj-Husum - Husum Nord;2014;2153,7
Brønshøj-Husum - Husum Nord;2015;2021,7
Brønshøj-Husum - Husum Nord;2016;2041,3
Brønshøj-Husum - Husum Nord;2017;1878,4
Brønshøj-Husum - Husum Nord;2018;1896,6
Brønshøj-Husum - Husum Nord;2019;1726,0
Brønshøj-Husum - Husum Nord;2020;1392,0
Brønshøj-Husum - Husum Nord;2021;1908,9
Brønshøj-Husum - Husum Nord;2022;1487,6
Brønshøj-Husum - Husum Nord;2023;1500,1
Brønshøj-Husum - Husum Nord;2024;1428,1
Brønshøj-Husum - Tingbjerg;2006;1752,5
Brønshøj-Husum - Tingbjerg;2007;1803,1
Brønshøj-Husum - Tingbjerg;2008;1669,7
Brønshøj-Husum - Tingbjerg;2009;2104,3
Brønshøj-Husum - Tingbjerg;2010;2043,4
Brønshøj-Husum - Tingbjerg;2011;2383,2
Brønshøj-Husum - Tingbjerg;2012;2350,2
Brønshøj-Husum - Tingbjerg;2013;2369,6
Brønshøj-Husum - Tingbjerg;2014;2387,2
Brønshøj-Husum - Tingbjerg;2015;2120,8
Brønshøj-Husum - Tingbjerg;2016;2231,1
Brønshøj-Husum - Tingbjerg;2017;2004,0
Brønshøj-Husum - Tingbjerg;2018;1937,2
Brønshøj-Husum - Tingbjerg;2019;1956,1
Brønshøj-Husum - Tingbjerg;2020;1649,1
Brønshøj-Husum - Tingbjerg;2021;1497,0
Brønshøj-Husum - Tingbjerg;2022;1799,4
Brønshøj-Husum - Tingbjerg;2023;1593,6
Brønshøj-Husum - Tingbjerg;2024;2159,6
Brønshøj-Husum - Brønshøj;2006;1951,0
Brønshøj-Husum - Brønshøj;2007;1886,9
Brønshøj-Husum - Brønshøj;2008;1689,8
Brønshøj-Husum - Brønshøj;2009;2109,8
Brønshøj-Husum - Brønshøj;2010;2105,7
Brønshøj-Husum - Brønshøj;2011;1841,2
Brønshøj-Husum - Brønshøj;2012;1883,4
Brønshøj-Husum - Brønshøj;2013;1650,9
Brønshøj-Husum - Brønshøj;2014;1939,7
Brønshøj-Husum - Brønshøj;2015;1505,2
Brønshøj-Husum - Brønshøj;2016;1909,5
Brønshøj-Husum - Brønshøj;2017;1758,3
Brønshøj-Husum - Brønshøj;2018;1722,1
Brønshøj-Husum - Brønshøj;2019;1435,9
Brønshøj-Husum - Brønshøj;2020;1796,2
Brønshøj-Husum - Brønshøj;2021;1814,2
Brønshøj-Husum - Brønshøj;2022;1542,2
Brønshøj-Husum - Brønshøj;2023;1531,8
Brønshøj-Husum - Brønshøj;2024;1301,7
Brønshøj-Husum - Bellahøj;2006;1369,6
Brønshøj-Husum - Bellahøj;2007;1451,7
Brønshøj-Husum - Bellahøj;2008;1733,0
Brønshøj-Husum - Bellahøj;2009;2109,3
Brønshøj-Husum - Bellahøj;2010;1835,1
Brønshøj-Husum - Bellahøj;2011;2104,6
Brønshøj-Husum - Bellahøj;2012;2165,7
Brønshøj-Husum - Bellahøj;2013;1462,1
Brønshøj-Husum - Bellahøj;2014;1615,0
Brønshøj-Husum - Bellahøj;2015;1752,9
Brønshøj-Husum - Bellahøj;2016;1711,4
Brønshøj-Husum - Bellahøj;2017;2005,2
Brønshøj-Husum - Bellahøj;2018;1662,2
Brønshøj-Husum - Bellahøj;2019;1565,7
Brønshøj-Husum - Bellahøj;2020;1539,0
Brønshøj-Husum - Bellahøj;2021;1988,0
Brønshøj-Husum - Bellahøj;2022;1330,7
Brønshøj-Husum - Bellahøj;2023;1352,1
Brønshøj-Husum - Bellahøj;2024;1201,8
Bispebjerg - Emdrup;2006;1291,9
Bispebjerg - Emdrup;2007;1357,3
Bispebjerg - Emdrup;2008;1330,9
Bispebjerg - Emdrup;2009;1531,5
Bispebjerg - Emdrup;2010;1233,4
Bispebjerg - Emdrup;2011;1368,4
Bispebjerg - Emdrup;2012;1222,1
Bispebjerg - Emdrup;2013;1687,5
Bispebjerg - Emdrup;2014;2174,7
Bispebjerg - Emdrup;2015;1654,6
Bispebjerg - Emdrup;2016;1276,3
Bispebjerg - Emdrup;2017;1393,7
Bispebjerg - Emdrup;2018;1109,0
Bispebjerg - Emdrup;2019;1494,3
Bispebjerg - Emdrup;2020;1460,7
Bispebjerg - Emdrup;2021;1256,7
Bispebjerg - Emdrup;2022;1271,2
Bispebjerg - Emdrup;2023;1066,7
Bispebjerg - Emdrup;2024;1108,0
Bispebjerg- Ryparken-Lundehus;2006;1531,4
Bispebjerg- Ryparken-Lundehus;2007;1590,0
Bispebjerg- Ryparken-Lundehus;2008;1858,4
Bispebjerg- Ryparken-Lundehus;2009;1538,8
Bispebjerg- Ryparken-Lundehus;2010;1448,1
Bispebjerg- Ryparken-Lundehus;2011;1691,3
Bispebjerg- Ryparken-Lundehus;2012;1989,3
Bispebjerg- Ryparken-Lundehus;2013;1302,7
Bispebjerg- Ryparken-Lundehus;2014;1584,7
Bispebjerg- Ryparken-Lundehus;2015;1581,2
Bispebjerg- Ryparken-Lundehus;2016;1595,4
Bispebjerg- Ryparken-Lundehus;2017;1394,1
Bispebjerg- Ryparken-Lundehus;2018;1442,2
Bispebjerg- Ryparken-Lundehus;2019;1310,9
Bispebjerg- Ryparken-Lundehus;2020;1333,4
Bispebjerg- Ryparken-Lundehus;2021;1569,3
Bispebjerg- Ryparken-Lundehus;2022;1021,7
Bispebjerg- Ryparken-Lundehus;2023;1108,8
Bispebjerg- Ryparken-Lundehus;2024;1331,6
Bispebjerg - Bispebjerg;2006;1343,9
Bispebjerg - Bispebjerg;2007;1505,4
Bispebjerg - Bispebjerg;2008;1432,0
Bispebjerg - Bispebjerg;2009;1650,5
Bispebjerg - Bispebjerg;2010;1950,1
Bispebjerg - Bispebjerg;2011;1652,4
Bispebjerg - Bispebjerg;2012;2160,6
Bispebjerg - Bispebjerg;2013;1975,1
Bispebjerg - Bispebjerg;2014;1829,1
Bispebjerg - Bispebjerg;2015;1829,9
Bispebjerg - Bispebjerg;2016;1693,1
Bispebjerg - Bispebjerg;2017;1850,6
Bispebjerg - Bispebjerg;2018;1489,2
Bispebjerg - Bispebjerg;2019;1357,3
Bispebjerg - Bispebjerg;2020;1391,3
Bispebjerg - Bispebjerg;2021;1380,4
Bispebjerg - Bispebjerg;2022;922,9
Bispebjerg - Bispebjerg;2023;1517,7
Bispebjerg - Bispebjerg;2024;1183,4
Bispebjerg - Utterslev;2006;1583,2
Bispebjerg - Utterslev;2007;1513,6
Bispebjerg - Utterslev;2008;1668,9
Bispebjerg - Utterslev;2009;1758,6
Bispebjerg - Utterslev;2010;1876,4
Bispebjerg - Utterslev;2011;1544,2
Bispebjerg - Utterslev;2012;1964,9
Bispebjerg - Utterslev;2013;1591,2
Bispebjerg - Utterslev;2014;1892,4
Bispebjerg - Utterslev;2015;1540,2
Bispebjerg - Utterslev;2016;1591,9
Bispebjerg - Utterslev;2017;1627,2
Bispebjerg - Utterslev;2018;1666,9
Bispebjerg - Utterslev;2019;1694,2
Bispebjerg - Utterslev;2020;1592,3
Bispebjerg - Utterslev;2021;1626,6
Bispebjerg - Utterslev;2022;1377,9
Bispebjerg - Utterslev;2023;1330,6
Bispebjerg - Utterslev;2024;1023,9
Bispebjerg - Nordvest;2006;1253,3
Bispebjerg - Nordvest;2007;1359,2
Bispebjerg - Nordvest;2008;1356,6
Bispebjerg - Nordvest;2009;1306,9
Bispebjerg - Nordvest;2010;1491,3
Bispebjerg - Nordvest;2011;1540,1
Bispebjerg - Nordvest;2012;1441,9
Bispebjerg - Nordvest;2013;1322,8
Bispebjerg - Nordvest;2014;1281,8
Bispebjerg - Nordvest;2015;1385,9
Bispebjerg - Nordvest;2016;1363,4
Bispebjerg - Nordvest;2017;1422,3
Bispebjerg - Nordvest;2018;1427,4
Bispebjerg - Nordvest;2019;1326,7
Bispebjerg - Nordvest;2020;1335,9
Bispebjerg - Nordvest;2021;1335,3
Bispebjerg - Nordvest;2022;1129,9
Bispebjerg - Nordvest;2023;1140,1
Bispebjerg - Nordvest;2024;1214,0
Amager Øst - Amagerbro Øst;2006;1414,5
Amager Øst - Amagerbro Øst;2007;1418,8
Amager Øst - Amagerbro Øst;2008;1466,1
Amager Øst - Amagerbro Øst;2009;1289,4
Amager Øst - Amagerbro Øst;2010;1479,6
Amager Øst - Amagerbro Øst;2011;1359,8
Amager Øst - Amagerbro Øst;2012;1438,1
Amager Øst - Amagerbro Øst;2013;1260,6
Amager Øst - Amagerbro Øst;2014;1280,5
Amager Øst - Amagerbro Øst;2015;1465,0
Amager Øst - Amagerbro Øst;2016;1449,9
Amager Øst - Amagerbro Øst;2017;1296,3
Amager Øst - Amagerbro Øst;2018;1536,9
Amager Øst - Amagerbro Øst;2019;1480,8
Amager Øst - Amagerbro Øst;2020;1349,3
Amager Øst - Amagerbro Øst;2021;1251,6
Amager Øst - Amagerbro Øst;2022;1335,4
Amager Øst - Amagerbro Øst;2023;1220,8
Amager Øst - Amagerbro Øst;2024;1200,8
Amager Øst - Sundbyøster;2006;1397,8
Amager Øst - Sundbyøster;2007;1443,5
Amager Øst - Sundbyøster;2008;1404,2
Amager Øst - Sundbyøster;2009;1377,4
Amager Øst - Sundbyøster;2010;1542,4
Amager Øst - Sundbyøster;2011;1521,3
Amager Øst - Sundbyøster;2012;1487,2
Amager Øst - Sundbyøster;2013;1360,6
Amager Øst - Sundbyøster;2014;1329,4
Amager Øst - Sundbyøster;2015;1254,6
Amager Øst - Sundbyøster;2016;1471,6
Amager Øst - Sundbyøster;2017;1449,3
Amager Øst - Sundbyøster;2018;1390,8
Amager Øst - Sundbyøster;2019;1437,3
Amager Øst - Sundbyøster;2020;1308,5
Amager Øst - Sundbyøster;2021;1563,8
Amager Øst - Sundbyøster;2022;1312,5
Amager Øst - Sundbyøster;2023;1163,7
Amager Øst - Sundbyøster;2024;1321,2
Amager Øst - Villakvartererne;2006;1442,5
Amager Øst - Villakvartererne;2007;1613,6
Amager Øst - Villakvartererne;2008;1507,6
Amager Øst - Villakvartererne;2009;1642,8
Amager Øst - Villakvartererne;2010;1864,0
Amager Øst - Villakvartererne;2011;1333,6
Amager Øst - Villakvartererne;2012;1703,5
Amager Øst - Villakvartererne;2013;1291,1
Amager Øst - Villakvartererne;2014;1523,0
Amager Øst - Villakvartererne;2015;1612,2
Amager Øst - Villakvartererne;2016;1476,6
Amager Øst - Villakvartererne;2017;1591,0
Amager Øst - Villakvartererne;2018;1610,0
Amager Øst - Villakvartererne;2019;1510,5
Amager Øst - Villakvartererne;2020;1548,0
Amager Øst - Villakvartererne;2021;1410,2
Amager Øst - Villakvartererne;2022;1270,1
Amager Øst - Villakvartererne;2023;1216,9
Amager Øst - Villakvartererne;2024;1165,4
Amager Øst - Nordøstamager;2006;1965,6
Amager Øst - Nordøstamager;2007;1891,6
Amager Øst - Nordøstamager;2008;2534,6
Amager Øst - Nordøstamager;2009;1641,3
Amager Øst - Nordøstamager;2010;2338,8
Amager Øst - Nordøstamager;2011;2381,4
Amager Øst - Nordøstamager;2012;1934,8
Amager Øst - Nordøstamager;2013;1466,3
Amager Øst - Nordøstamager;2014;2072,2
Amager Øst - Nordøstamager;2015;1994,0
Amager Øst - Nordøstamager;2016;2042,0
Amager Øst - Nordøstamager;2017;2663,3
Amager Øst - Nordøstamager;2018;2318,2
Amager Øst - Nordøstamager;2019;1979,7
Amager Øst - Nordøstamager;2020;1846,0
Amager Øst - Nordøstamager;2021;1988,1
Amager Øst - Nordøstamager;2022;1530,2
Amager Øst - Nordøstamager;2023;1424,3
Amager Øst - Nordøstamager;2024;1407,1
Amager Vest - Amagerbro Vest;2006;1548,8
Amager Vest - Amagerbro Vest;2007;1380,8
Amager Vest - Amagerbro Vest;2008;1503,2
Amager Vest - Amagerbro Vest;2009;1463,7
Amager Vest - Amagerbro Vest;2010;1482,9
Amager Vest - Amagerbro Vest;2011;1515,9
Amager Vest - Amagerbro Vest;2012;1520,8
Amager Vest - Amagerbro Vest;2013;1498,5
Amager Vest - Amagerbro Vest;2014;1595,4
Amager Vest - Amagerbro Vest;2015;1365,1
Amager Vest - Amagerbro Vest;2016;1630,1
Amager Vest - Amagerbro Vest;2017;1360,3
Amager Vest - Amagerbro Vest;2018;1489,0
Amager Vest - Amagerbro Vest;2019;1850,5
Amager Vest - Amagerbro Vest;2020;1214,1
Amager Vest - Amagerbro Vest;2021;1434,7
Amager Vest - Amagerbro Vest;2022;1399,1
Amager Vest - Amagerbro Vest;2023;1232,0
Amager Vest - Amagerbro Vest;2024;1576,2
Amager Vest - Bryggen Syd;2006;2222,1
Amager Vest - Bryggen Syd;2007;2303,6
Amager Vest - Bryggen Syd;2008;2832,0
Amager Vest - Bryggen Syd;2009;3245,4
Amager Vest - Bryggen Syd;2010;2612,2
Amager Vest - Bryggen Syd;2011;2492,9
Amager Vest - Bryggen Syd;2012;2046,8
Amager Vest - Bryggen Syd;2013;2712,7
Amager Vest - Bryggen Syd;2014;2655,7
Amager Vest - Bryggen Syd;2015;2504,7
Amager Vest - Bryggen Syd;2016;2828,9
Amager Vest - Bryggen Syd;2017;2468,3
Amager Vest - Bryggen Syd;2018;2265,3
Amager Vest - Bryggen Syd;2019;2335,7
Amager Vest - Bryggen Syd;2020;2362,7
Amager Vest - Bryggen Syd;2021;2346,4
Amager Vest - Bryggen Syd;2022;1510,0
Amager Vest - Bryggen Syd;2023;1806,0
Amager Vest - Bryggen Syd;2024;2090,3
Amager Vest - Faste Batteri;2006;2083,5
Amager Vest - Faste Batteri;2007;2045,2
Amager Vest - Faste Batteri;2008;2304,5
Amager Vest - Faste Batteri;2009;1678,5
Amager Vest - Faste Batteri;2010;1979,5
Amager Vest - Faste Batteri;2011;1917,2
Amager Vest - Faste Batteri;2012;2175,0
Amager Vest - Faste Batteri;2013;1646,5
Amager Vest - Faste Batteri;2014;1751,5
Amager Vest - Faste Batteri;2015;1928,4
Amager Vest - Faste Batteri;2016;2181,8
Amager Vest - Faste Batteri;2017;2084,0
Amager Vest - Faste Batteri;2018;2242,4
Amager Vest - Faste Batteri;2019;1832,6
Amager Vest - Faste Batteri;2020;2433,2
Amager Vest - Faste Batteri;2021;1611,5
Amager Vest - Faste Batteri;2022;1711,7
Amager Vest - Faste Batteri;2023;1784,1
Amager Vest - Faste Batteri;2024;1785,7
Amager Vest - Gamle Bryggen;2006;1649,9
Amager Vest - Gamle Bryggen;2007;1671,7
Amager Vest - Gamle Bryggen;2008;1813,1
Amager Vest - Gamle Bryggen;2009;1893,8
Amager Vest - Gamle Bryggen;2010;2008,9
Amager Vest - Gamle Bryggen;2011;1602,9
Amager Vest - Gamle Bryggen;2012;1717,6
Amager Vest - Gamle Bryggen;2013;1613,2
Amager Vest - Gamle Bryggen;2014;1705,2
Amager Vest - Gamle Bryggen;2015;1618,7
Amager Vest - Gamle Bryggen;2016;1755,4
Amager Vest - Gamle Bryggen;2017;1920,8
Amager Vest - Gamle Bryggen;2018;1899,6
Amager Vest - Gamle Bryggen;2019;1934,4
Amager Vest - Gamle Bryggen;2020;1492,3
Amager Vest - Gamle Bryggen;2021;1666,4
Amager Vest - Gamle Bryggen;2022;1573,8
Amager Vest - Gamle Bryggen;2023;1641,5
Amager Vest - Gamle Bryggen;2024;1651,7
Amager Vest - Grønjordssøen (Ørestad Nord og Vejlandskvarter);2006;2031,1
Amager Vest - Grønjordssøen (Ørestad Nord og Vejlandskvarter);2007;2572,5
Amager Vest - Grønjordssøen (Ørestad Nord og Vejlandskvarter);2008;2088,0
Amager Vest - Grønjordssøen (Ørestad Nord og Vejlandskvarter);2009;1993,5
Amager Vest - Grønjordssøen (Ørestad Nord og Vejlandskvarter);2010;2711,9
Amager Vest - Grønjordssøen (Ørestad Nord og Vejlandskvarter);2011;2285,6
Amager Vest - Grønjordssøen (Ørestad Nord og Vejlandskvarter);2012;1912,9
Amager Vest - Grønjordssøen (Ørestad Nord og Vejlandskvarter);2013;2723,2
Amager Vest - Grønjordssøen (Ørestad Nord og Vejlandskvarter);2014;2015,7
Amager Vest - Grønjordssøen (Ørestad Nord og Vejlandskvarter);2015;2208,8
Amager Vest - Grønjordssøen (Ørestad Nord og Vejlandskvarter);2016;2238,4
Amager Vest - Grønjordssøen (Ørestad Nord og Vejlandskvarter);2017;2363,1
Amager Vest - Grønjordssøen (Ørestad Nord og Vejlandskvarter);2018;2324,9
Amager Vest - Grønjordssøen (Ørestad Nord og Vejlandskvarter);2019;2074,2
Amager Vest - Grønjordssøen (Ørestad Nord og Vejlandskvarter);2020;1546,1
Amager Vest - Grønjordssøen (Ørestad Nord og Vejlandskvarter);2021;2024,9
Amager Vest - Grønjordssøen (Ørestad Nord og Vejlandskvarter);2022;1905,2
Amager Vest - Grønjordssøen (Ørestad Nord og Vejlandskvarter);2023;1889,3
Amager Vest - Grønjordssøen (Ørestad Nord og Vejlandskvarter);2024;1384,4
Amager Vest - Kolonihavekvarteret;2006;1171,6
Amager Vest - Kolonihavekvarteret;2007;1204,1
Amager Vest - Kolonihavekvarteret;2008;1126,5
Amager Vest - Kolonihavekvarteret;2009;1236,7
Amager Vest - Kolonihavekvarteret;2010;1467,0
Amager Vest - Kolonihavekvarteret;2011;1296,2
Amager Vest - Kolonihavekvarteret;2012;1240,7
Amager Vest - Kolonihavekvarteret;2013;1363,0
Amager Vest - Kolonihavekvarteret;2014;1389,3
Amager Vest - Kolonihavekvarteret;2015;1451,8
Amager Vest - Kolonihavekvarteret;2016;1122,1
Amager Vest - Kolonihavekvarteret;2017;1438,8
Amager Vest - Kolonihavekvarteret;2018;1343,6
Amager Vest - Kolonihavekvarteret;2019;1261,0
Amager Vest - Kolonihavekvarteret;2020;1246,4
Amager Vest - Kolonihavekvarteret;2021;1178,4
Amager Vest - Kolonihavekvarteret;2022;1050,7
Amager Vest - Kolonihavekvarteret;2023;1089,5
Amager Vest - Kolonihavekvarteret;2024;1048,2
Amager Vest - Sundbyvester;2006;1617,6
Amager Vest - Sundbyvester;2007;1706,0
Amager Vest - Sundbyvester;2008;1773,4
Amager Vest - Sundbyvester;2009;1868,3
Amager Vest - Sundbyvester;2010;1736,2
Amager Vest - Sundbyvester;2011;1953,0
Amager Vest - Sundbyvester;2012;1634,9
Amager Vest - Sundbyvester;2013;1922,1
Amager Vest - Sundbyvester;2014;1551,2
Amager Vest - Sundbyvester;2015;1635,2
Amager Vest - Sundbyvester;2016;1883,6
Amager Vest - Sundbyvester;2017;1824,9
Amager Vest - Sundbyvester;2018;1671,0
Amager Vest - Sundbyvester;2019;1548,6
Amager Vest - Sundbyvester;2020;1452,6
Amager Vest - Sundbyvester;2021;1817,0
Amager Vest - Sundbyvester;2022;1512,9
Amager Vest - Sundbyvester;2023;1331,6
Amager Vest - Sundbyvester;2024;1360,2
Amager Vest - Sundholmsvejs kvarteret;2006;1478,5
Amager Vest - Sundholmsvejs kvarteret;2007;1283,2
Amager Vest - Sundholmsvejs kvarteret;2008;1214,5
Amager Vest - Sundholmsvejs kvarteret;2009;1374,8
Amager Vest - Sundholmsvejs kvarteret;2010;1500,7
Amager Vest - Sundholmsvejs kvarteret;2011;1461,7
Amager Vest - Sundholmsvejs kvarteret;2012;1164,7
Amager Vest - Sundholmsvejs kvarteret;2013;1391,6
Amager Vest - Sundholmsvejs kvarteret;2014;1342,8
Amager Vest - Sundholmsvejs kvarteret;2015;1197,5
Amager Vest - Sundholmsvejs kvarteret;2016;1290,9
Amager Vest - Sundholmsvejs kvarteret;2017;1372,3
Amager Vest - Sundholmsvejs kvarteret;2018;1262,5
Amager Vest - Sundholmsvejs kvarteret;2019;1268,5
Amager Vest - Sundholmsvejs kvarteret;2020;1235,8
Amager Vest - Sundholmsvejs kvarteret;2021;1287,2
Amager Vest - Sundholmsvejs kvarteret;2022;1031,7
Amager Vest - Sundholmsvejs kvarteret;2023;980,4
Amager Vest - Sundholmsvejs kvarteret;2024;1030,0
Amager Vest - Urbanplanen;2006;1392,4
Amager Vest - Urbanplanen;2007;1463,9
Amager Vest - Urbanplanen;2008;1040,0
Amager Vest - Urbanplanen;2009;1249,6
Amager Vest - Urbanplanen;2010;1837,6
Amager Vest - Urbanplanen;2011;2095,1
Amager Vest - Urbanplanen;2012;1385,2
Amager Vest - Urbanplanen;2013;1546,5
Amager Vest - Urbanplanen;2014;1833,0
Amager Vest - Urbanplanen;2015;1461,7
Amager Vest - Urbanplanen;2016;1109,9
Amager Vest - Urbanplanen;2017;1393,2
Amager Vest - Urbanplanen;2018;1405,8
Amager Vest - Urbanplanen;2019;1281,7
Amager Vest - Urbanplanen;2020;965,6
Amager Vest - Urbanplanen;2021;1236,6
Amager Vest - Urbanplanen;2022;1106,7
Amager Vest - Urbanplanen;2023;1158,7
Amager Vest - Urbanplanen;2024;1294,6
Amager Vest - Ørestad City;2006;2127,5
Amager Vest - Ørestad City;2007;2540,0
Amager Vest - Ørestad City;2008;1949,9
Amager Vest - Ørestad City;2009;2594,9
Amager Vest - Ørestad City;2010;2589,8
Amager Vest - Ørestad City;2011;2342,3
Amager Vest - Ørestad City;2012;2220,3
Amager Vest - Ørestad City;2013;2208,2
Amager Vest - Ørestad City;2014;2252,4
Amager Vest - Ørestad City;2015;2003,8
Amager Vest - Ørestad City;2016;2172,4
Amager Vest - Ørestad City;2017;2215,1
Amager Vest - Ørestad City;2018;1730,6
Amager Vest - Ørestad City;2019;1697,0
Amager Vest - Ørestad City;2020;1345,3
Amager Vest - Ørestad City;2021;1638,0
Amager Vest - Ørestad City;2022;1221,1
Amager Vest - Ørestad City;2023;1243,8
Amager Vest - Ørestad City;2024;1139,4
Amager Vest - Ørestad Syd;2006;0,0
Amager Vest - Ørestad Syd;2007;0,0
Amager Vest - Ørestad Syd;2008;0,0
Amager Vest - Ørestad Syd;2009;2333,3
Amager Vest - Ørestad Syd;2010;1570,5
Amager Vest - Ørestad Syd;2011;2759,9
Amager Vest - Ørestad Syd;2012;2828,7
Amager Vest - Ørestad Syd;2013;2621,4
Amager Vest - Ørestad Syd;2014;1794,0
Amager Vest - Ørestad Syd;2015;2082,1
Amager Vest - Ørestad Syd;2016;2155,4
Amager Vest - Ørestad Syd;2017;2593,4
Amager Vest - Ørestad Syd;2018;2177,2
Amager Vest - Ørestad Syd;2019;2044,5
Amager Vest - Ørestad Syd;2020;1803,3
Amager Vest - Ørestad Syd;2021;1730,8
Amager Vest - Ørestad Syd;2022;1278,1
Amager Vest - Ørestad Syd;2023;1523,6
Amager Vest - Ørestad Syd;2024;1287,3
Kvarterer - Uden for inddeling;2006;436,1
Kvarterer - Uden for inddeling;2007;967,8
Kvarterer - Uden for inddeling;2008;440,3
Kvarterer - Uden for inddeling;2009;621,6
Kvarterer - Uden for inddeling;2010;449,9
Kvarterer - Uden for inddeling;2011;508,6
Kvarterer - Uden for inddeling;2012;546,6
Kvarterer - Uden for inddeling;2013;523,2
Kvarterer - Uden for inddeling;2014;811,2
Kvarterer - Uden for inddeling;2015;658,5
Kvarterer - Uden for inddeling;2016;591,1
Kvarterer - Uden for inddeling;2017;649,2
Kvarterer - Uden for inddeling;2018;533,4
Kvarterer - Uden for inddeling;2019;850,9
Kvarterer - Uden for inddeling;2020;376,2
Kvarterer - Uden for inddeling;2021;391,4
Kvarterer - Uden for inddeling;2022;387,8
Kvarterer - Uden for inddeling;2023;208,5
Kvarterer - Uden for inddeling;2024;164,5
