FID,t_nr,vejnavn,beskrivelse,husnummer,type,taelling_type,fod_7_19,aadt_fod_7_19,hvdt_fod_7_19,fod_7_21,aadt_fod_7_21,hvdt_fod_7_21,fod_7_24,aadt_fod_7_24,hvdt_fod_7_24,aadt_fod_label,fod_gns_10_18,taelle_dato,aar,link,ogc_fid,wkb_geometry
trafiktaelling_fodg.1,9,Farvergade,nordøst for Rådhuspladsen,6,3,Andre faste tællinger,2711,3200,3300,,,,,,,3200,,20230613,2023,https://kk.sites.itera.dk/apps/kk_trafik/pdf/AXgHAMcoXB.pdf,1,POINT (12.572626735624134 55.6759965258084)
trafiktaelling_fodg.2,11,Frederiksborggade,øst for Nørre Voldgade,10,3,Andre faste tællinger,30883,36100,37400,,,,,,,36100,,20230608,2023,https://kk.sites.itera.dk/apps/kk_trafik/pdf/jCSWUju30S.pdf,2,POINT (12.572966838603646 55.68308816561314)
trafiktaelling_fodg.3,17,Gothersgade,sydøst for Søtorvet,160 eller 175,3,Andre faste tællinger,1346,1600,1600,,,,,,,1600,126,20130910,2013,http://kk.sites.itera.dk/apps/kk_trafik/pdf/m8BhwfsnnV.pdf,3,POINT (12.566545050457883 55.68641228608008)
trafiktaelling_fodg.4,33,Nørregade,sydøst for Nørre Voldgade,49,3,Andre faste tællinger,10078,11800,12200,,,,,,,11800,909,20140904,2014,http://kk.sites.itera.dk/apps/kk_trafik/pdf/7yxzDtsv4A.pdf,4,POINT (12.570985593756626 55.68210595859012)
trafiktaelling_fodg.5,113,Frederiksberggade,nordøst for Rådhuspladsen,27 eller 38,3,Andre faste tællinger,26039,30500,31500,,,,,,,30500,,20230613,2023,https://kk.sites.itera.dk/apps/kk_trafik/pdf/NdbaPdouXX.pdf,5,POINT (12.569758490421108 55.676649880742794)
trafiktaelling_fodg.6,129,Bryggebroen,cykel- og gangbro,,2,Søsnittet,4602,5400,5600,,,,,,,5400,,20240918,2024,https://kk.sites.itera.dk/apps/kk_trafik/pdf/52u6GbsNgC.pdf,6,POINT (12.56689481300105 55.661462968085374)
trafiktaelling_fodg.7,161,Åbuen,Cykel- og gangbro over Ågade,,3,Andre faste tællinger,1060,1200,1300,,,,,,,1200,,20230927,2023,https://kk.sites.itera.dk/apps/kk_trafik/pdf/Z0U1dX2cIx.pdf,7,POINT (12.545133225426333 55.68656014647924)
trafiktaelling_fodg.8,217,Vestergade,sydvest for Larsbjørnsstræde,16,100,Øvrige tællinger,4400,5100,5300,,,,,,,5100,,20131030,2013,http://kk.sites.itera.dk/apps/kk_trafik/pdf/NG6B6tdiRT.pdf,8,POINT (12.569843702519954 55.677511428801424)
trafiktaelling_fodg.9,275,Hamletsgade,nordøst for Nannasgade,12B,3,Andre faste tællinger,1600,1900,1900,,,,,,,1900,,20090618,2009,http://kk.sites.itera.dk/apps/kk_trafik/pdf/7Nx3p1K5eH.pdf,9,POINT (12.545677974815252 55.70175857800836)
trafiktaelling_fodg.10,298,Lyrskovgade,øst for Vester Fælledvej,36,3,Andre faste tællinger,1190,1400,1400,,,,,,,1400,,20171005,2017,http://kk.sites.itera.dk/apps/kk_trafik/pdf/txN8nuv63P.pdf,10,POINT (12.540641623735196 55.668409980196834)
trafiktaelling_fodg.11,300,Løngangsstræde,nordøst for Vester Voldgade,37,3,Andre faste tællinger,2102,2500,2500,,,,,,,2500,,20230613,2023,https://kk.sites.itera.dk/apps/kk_trafik/pdf/S0nHluj99m.pdf,11,POINT (12.57235226228712 55.67530894238091)
trafiktaelling_fodg.12,332,Studiestræde,øst for Vester Voldgade,40 eller 45,3,Andre faste tællinger,2498,2900,3000,,,,,,,2900,,20230613,2023,https://kk.sites.itera.dk/apps/kk_trafik/pdf/5rTTbvXXcn.pdf,12,POINT (12.567597366293825 55.67792132848996)
trafiktaelling_fodg.13,377,Fiolstræde,syd for Nørre Voldgade,33,3,Andre faste tællinger,13086,15300,15800,,,,,,,15300,,20230608,2023,https://kk.sites.itera.dk/apps/kk_trafik/pdf/7VtyKWAABj.pdf,13,POINT (12.571810503303972 55.682443140865516)
trafiktaelling_fodg.14,650,Hovedvagtsgade,vest for Kongens Nytorv,4,3,Andre faste tællinger,3007,3500,3600,,,,,,,3500,,20230622,2023,https://kk.sites.itera.dk/apps/kk_trafik/pdf/AXKOtcTfDl.pdf,14,POINT (12.584174930487338 55.68079130011517)
trafiktaelling_fodg.15,754,Værnedamsvej,syd for Tullinsgade,6,100,Øvrige tællinger,6442,7500,7800,,,,,,,7500,627,20130502,2013,http://kk.sites.itera.dk/apps/kk_trafik/pdf/UYQJKy46cJ.pdf,15,POINT (12.549977083072132 55.67331991668572)
trafiktaelling_fodg.16,757,Møllegade,nordøst for Nørrebrogade,10,100,Øvrige tællinger,1081,1300,1300,,,,,,,1300,,20100421,2010,https://kk.sites.itera.dk/apps/kk_trafik/pdf/eYhhVQafT2.pdf,16,POINT (12.5560816282452 55.690912847856985)
trafiktaelling_fodg.17,758,Peter Fabers Gade,nordøst for Nørrebrogade,20,100,Øvrige tællinger,1000,1200,1200,,,,,,,1200,,20100421,2010,http://kk.sites.itera.dk/apps/kk_trafik/pdf/kMP33cdgF9.pdf,17,POINT (12.555510462761378 55.69112195571864)
trafiktaelling_fodg.18,759,Ægirsgade,nordøst for Nørrebrogade,1,100,Øvrige tællinger,859,1000,1000,,,,,,,1000,,20090618,2009,https://kk.sites.itera.dk/apps/kk_trafik/pdf/7apPHMfcmo.pdf,18,POINT (12.544532301973398 55.697722351301174)
trafiktaelling_fodg.19,760,Baldersgade,nordøst for Nørrebrogade,4,100,Øvrige tællinger,366,400,400,,,,,,,400,,20090618,2009,https://kk.sites.itera.dk/apps/kk_trafik/pdf/ZhQWfLy8eB.pdf,19,POINT (12.54378911801929 55.69829422837233)
trafiktaelling_fodg.20,761,Bragesgade,nordøst for Nørrebrogade,4,100,Øvrige tællinger,1800,2100,2200,,,,,,,2100,,20100422,2010,http://kk.sites.itera.dk/apps/kk_trafik/pdf/H7fg4754ZY.pdf,20,POINT (12.542795728820279 55.698814658788116)
trafiktaelling_fodg.21,762,Elmegade,nordøst for Nørrebrogade,8,100,Øvrige tællinger,3900,4600,4700,,,,,,,4600,,20100421,2010,http://kk.sites.itera.dk/apps/kk_trafik/pdf/VhKR0VXbtA.pdf,21,POINT (12.558292418221775 55.689763035294874)
trafiktaelling_fodg.22,763,Sortedamdosseringen,nord for Dr. Louises Bro,3 C,100,Øvrige tællinger,900,1100,1100,,,,,,,1100,,20090616,2009,http://kk.sites.itera.dk/apps/kk_trafik/pdf/qYQujMnNSR.pdf,22,POINT (12.563115019738303 55.68772591130676)
trafiktaelling_fodg.23,764,Baggesensgade,sydøst for Blågårdsgade,13,100,Øvrige tællinger,864,1000,1000,,,,,,,1000,,20100421,2010,https://kk.sites.itera.dk/apps/kk_trafik/pdf/2ngrXpry0X.pdf,23,POINT (12.559521247464932 55.687042770715514)
trafiktaelling_fodg.24,765,Stengade,sydvest for Nørrebrogade,2,100,Øvrige tællinger,905,1100,1100,,,,,,,1100,,20100421,2010,http://kk.sites.itera.dk/apps/kk_trafik/pdf/K6q4GhMyUL.pdf,24,POINT (12.556968935477165 55.68891811142525)
trafiktaelling_fodg.25,766,Guldbergsgade,sydøst for Ahornsgade,9,100,Øvrige tællinger,2681,3100,3200,,,,,,,3100,,20100421,2010,https://kk.sites.itera.dk/apps/kk_trafik/pdf/0dAaTQQ2LB.pdf,25,POINT (12.55920676343057 55.691136059736735)
trafiktaelling_fodg.26,767,Møllegade,nordøst for Poppelgade,26,100,Øvrige tællinger,2800,3300,3400,,,,,,,3300,,20090428,2009,http://kk.sites.itera.dk/apps/kk_trafik/pdf/oHhRw6jGzQ.pdf,26,POINT (12.558650695782454 55.692590064028245)
trafiktaelling_fodg.27,768,Prinsesse Charlottes Gade,sydøst for Jagtvej,42,100,Øvrige tællinger,1403,1600,1700,,,,,,,1600,,20100420,2010,https://kk.sites.itera.dk/apps/kk_trafik/pdf/v9KAnDchqk.pdf,27,POINT (12.550232135835127 55.694703425762356)
trafiktaelling_fodg.28,769,Stefansgade,sydvest for Husumgade,35,100,Øvrige tællinger,1456,1700,1800,,,,,,,1700,,20100421,2010,https://kk.sites.itera.dk/apps/kk_trafik/pdf/HKPTBkiwjM.pdf,28,POINT (12.543006097545225 55.694661407461496)
trafiktaelling_fodg.29,770,Esromgade,nord for Hillerødgade,30,100,Øvrige tællinger,300,400,400,,,,,,,400,,20100420,2010,http://kk.sites.itera.dk/apps/kk_trafik/pdf/ix4vjxkrBR.pdf,29,POINT (12.540184719694906 55.69751994349776)
trafiktaelling_fodg.30,771,Hillerødgade,vest for Nørrebrogade,14,100,Øvrige tællinger,856,1000,1000,,,,,,,1000,,20100420,2010,https://kk.sites.itera.dk/apps/kk_trafik/pdf/wgSd0hCHLN.pdf,30,POINT (12.542341754917175 55.69745381258961)
trafiktaelling_fodg.31,774,Nannasgade,øst for Bragesgade,23,100,Øvrige tællinger,674,800,800,,,,,,,800,,20090611,2009,https://kk.sites.itera.dk/apps/kk_trafik/pdf/Vh7eyaGm54.pdf,31,POINT (12.546325486638656 55.70091247988648)
trafiktaelling_fodg.32,775,Mimersgade,vest for Jagtvej,4,100,Øvrige tællinger,1200,1400,1500,,,,,,,1400,,20100422,2010,http://kk.sites.itera.dk/apps/kk_trafik/pdf/EW9fCYZrtO.pdf,32,POINT (12.551928783743689 55.69789837906261)
trafiktaelling_fodg.33,776,Birkegade,nord for Elmegade,4,100,Øvrige tællinger,546,600,700,,,,,,,600,,20090617,2009,https://kk.sites.itera.dk/apps/kk_trafik/pdf/vqS40gtf3F.pdf,33,POINT (12.558288208738542 55.690072361808355)
trafiktaelling_fodg.34,777,Egegade,nordvest for Elmegade,4,100,Øvrige tællinger,163,200,200,,,,,,,200,,20090617,2009,https://kk.sites.itera.dk/apps/kk_trafik/pdf/5eRlhYzNh9.pdf,34,POINT (12.559191284336016 55.69035693753043)
trafiktaelling_fodg.35,778,Rådmandsgade,nord for Mimersgade,21,100,Øvrige tællinger,1293,1500,1600,,,,,,,1500,,20090610,2009,https://kk.sites.itera.dk/apps/kk_trafik/pdf/5eRlhYzNh9.pdf,35,POINT (12.549414939279677 55.69911578376734)
trafiktaelling_fodg.36,804,Gasværksvej,nordvest for Istedgade,21,100,Øvrige tællinger,3300,3900,4000,,,,,,,3900,,20120321,2012,http://kk.sites.itera.dk/apps/kk_trafik/pdf/RgGh8duw3t.pdf,36,POINT (12.557317927954127 55.67071669155801)
trafiktaelling_fodg.37,805,Gasværksvej,sydøst for Istedgade,27,100,Øvrige tællinger,3300,3900,4000,,,,,,,3900,,20120321,2012,http://kk.sites.itera.dk/apps/kk_trafik/pdf/fG1xyOmIGK.pdf,37,POINT (12.55780688575682 55.67024782653505)
trafiktaelling_fodg.38,806,Vestergade,sydvest for Gammeltorv,5,100,Øvrige tællinger,5800,6800,7000,,,,,,,6800,600,20131030,2013,http://kk.sites.itera.dk/apps/kk_trafik/pdf/stR3KPtlzK.pdf,38,POINT (12.570958811364122 55.677959618631945)
trafiktaelling_fodg.39,807,Skindergade,nordøst for Gammeltorv,40,100,Øvrige tællinger,4500,5300,5400,,,,,,,5300,500,20131030,2013,http://kk.sites.itera.dk/apps/kk_trafik/pdf/RzuvjGczkE.pdf,39,POINT (12.57280502603774 55.67864041029359)
trafiktaelling_fodg.40,808,Nørregade,nord for Gammeltorv,4,100,Øvrige tællinger,6600,7700,8000,,,,,,,7700,700,20131030,2013,http://kk.sites.itera.dk/apps/kk_trafik/pdf/So60iUYlnY.pdf,40,POINT (12.572151700127108 55.678724399098336)
trafiktaelling_fodg.41,809,Larslejsstræde,nord for Sankt Peders Stræde,5,100,Øvrige tællinger,1411,1700,1700,,,,,,,1700,,20230608,2023,https://kk.sites.itera.dk/apps/kk_trafik/pdf/qCFGrHnSYf.pdf,41,POINT (12.569745922381077 55.67976065411436)
trafiktaelling_fodg.42,833,Ny Carlsbergvej,vest for Haderslevgade,15,100,Øvrige tællinger,1108,1300,1300,,,,,,,1300,,20171005,2017,http://kk.sites.itera.dk/apps/kk_trafik/pdf/bDI1TXGBFm.pdf,42,POINT (12.545361595903488 55.665716639223724)
trafiktaelling_fodg.43,865,Artillerivej,krydsene ved Slusen,,101,Krydstællinger,141,200,200,,,,,,,200,,20220609,2022,https://kk.sites.itera.dk/apps/kk_trafik/pdf/O8ntugVFEx.pdf,43,POINT (12.564133610578338 55.642337944229745)
trafiktaelling_fodg.44,884,Cykelrute,øst for Artillerivej,,100,Øvrige tællinger,147,200,200,,,,,,,200,,20180515,2018,http://kk.sites.itera.dk/apps/kk_trafik/pdf/hAOgqhZhmD.pdf,44,POINT (12.564870642192174 55.64191001304149)
trafiktaelling_fodg.45,934,Nyhavn,vest for Kvæsthusgade (solsiden),65,100,Øvrige tællinger,10167,11900,12300,,,,,,,11900,,20230614,2023,https://kk.sites.itera.dk/apps/kk_trafik/pdf/CXwIhuohi6.pdf,45,POINT (12.592684067945376 55.679462455143955)
trafiktaelling_fodg.46,941,Mjølnerparken,Mjølnerparken SV for Tagensvej,-,100,Øvrige tællinger,601,700,700,,,,,,,700,,20140617,2014,http://kk.sites.itera.dk/apps/kk_trafik/pdf/brMSJol0p2.pdf,46,POINT (12.542271457424079 55.70599485340371)
trafiktaelling_fodg.47,946,Borgmestervangen,Borgmestervangen 12 n.f. Mimersgade,12,100,Øvrige tællinger,2729,3200,3300,,,,,,,3200,,20140617,2014,http://kk.sites.itera.dk/apps/kk_trafik/pdf/rj9pCM2Wxp.pdf,47,POINT (12.53986095714215 55.70147488148531)
trafiktaelling_fodg.48,948,Gothersgade,nordvest for Landemærket,95,100,Øvrige tællinger,3863,4500,4700,,,,,,,4500,361,20130910,2013,http://kk.sites.itera.dk/apps/kk_trafik/pdf/Kqn95Zxxhv.pdf,48,POINT (12.577205226368289 55.68364261787443)
trafiktaelling_fodg.49,949,Sankt Annæ Plads,øst for Bredgade,3,100,Øvrige tællinger,4903,5700,5900,,,,,,,5700,,20170613,2017,http://kk.sites.itera.dk/apps/kk_trafik/pdf/ekHSB7GWJc.pdf,49,POINT (12.589407682349822 55.682278016636836)
trafiktaelling_fodg.50,950,Sønder Boulevard,nordøst for Dybbølsgade,48,100,Øvrige tællinger,2770,3200,3400,,,,,,,3200,245,20130606,2013,http://kk.sites.itera.dk/apps/kk_trafik/pdf/JLt1s2u4sj.pdf,50,POINT (12.552967912417131 55.6667241313886)
trafiktaelling_fodg.51,951,Sønder Boulevard,øst for Stenderupgade,104,100,Øvrige tællinger,1599,1900,1900,,,,,,,1900,137,20130606,2013,http://kk.sites.itera.dk/apps/kk_trafik/pdf/ldTiptNwbC.pdf,51,POINT (12.544412898667701 55.66410722817195)
trafiktaelling_fodg.52,953,Wildersbro,Wildersbro,-,100,Øvrige tællinger,4113,4800,5000,,,,,,,4800,,20160908,2016,http://kk.sites.itera.dk/apps/kk_trafik/pdf/zgNhe7bCHQ.pdf,52,POINT (12.592606745038331 55.67573332469584)
trafiktaelling_fodg.53,967,Svineryggen,Syd for Sveasvej,,100,Øvrige tællinger,2385,2800,2900,,,,,,,2800,,20170830,2017,http://kk.sites.itera.dk/apps/kk_trafik/pdf/9wlpv9NC1l.pdf,53,POINT (12.556131341047411 55.676746932099604)
trafiktaelling_fodg.54,968,Svineryggen,Syd for Martinsvej,,100,Øvrige tællinger,2983,3500,3600,,,,,,,3500,,20170830,2017,http://kk.sites.itera.dk/apps/kk_trafik/pdf/BoOUEOiAHe.pdf,54,POINT (12.556921404322322 55.67979950573491)
trafiktaelling_fodg.55,970,Øster Søgade,Nord for Voldmestergade,,100,Øvrige tællinger,1392,1600,1700,,,,,,,1600,,20170830,2017,http://kk.sites.itera.dk/apps/kk_trafik/pdf/opkZIv1g1x.pdf,55,POINT (12.575808788019184 55.69407207766732)
trafiktaelling_fodg.56,971,Øster Søgade,syd for Gammeltoftsgade,,100,Øvrige tællinger,2605,3000,3200,,,,,,,3000,,20170829,2017,http://kk.sites.itera.dk/apps/kk_trafik/pdf/Z9HTZfaflt.pdf,56,POINT (12.569508083661972 55.689630945018706)
trafiktaelling_fodg.57,972,Nørre Søgade,Nord for Kjeld Langes Gade,,100,Øvrige tællinger,2736,3200,3300,,,,,,,3200,,20170829,2017,http://kk.sites.itera.dk/apps/kk_trafik/pdf/CKrVPqvJhc.pdf,57,POINT (12.562595023257948 55.683596781638016)
trafiktaelling_fodg.58,973,Vester Søgade,U.f. nr. 60,,100,Øvrige tællinger,1481,1700,1800,,,,,,,1700,,20170830,2017,http://kk.sites.itera.dk/apps/kk_trafik/pdf/cZWYsOmGWy.pdf,58,POINT (12.559863398389787 55.67938407354141)
trafiktaelling_fodg.59,974,Vester Søgade,Syd for Herholdtsgade,,100,Øvrige tællinger,1966,2300,2400,,,,,,,2300,,20170830,2017,http://kk.sites.itera.dk/apps/kk_trafik/pdf/yq6dDsAXWW.pdf,59,POINT (12.558931215482792 55.67600355546576)
trafiktaelling_fodg.60,978,Sti langs banerne,Ved Østbanegade 181,,100,Øvrige tællinger,376,400,500,,,,,,,400,,20140903,2014,http://kk.sites.itera.dk/apps/kk_trafik/pdf/yLgCnr4Ywf.pdf,60,POINT (12.587991969930691 55.71021539682167)
trafiktaelling_fodg.61,983,Sundsholmsvej,Krydsende Sundholmsvej ved nr. 43 (ved Brigadevej),-,100,Øvrige tællinger,1936,2300,2300,,,,,,,2300,,20140910,2014,http://kk.sites.itera.dk/apps/kk_trafik/pdf/peJXF3eCom.pdf,61,POINT (12.5974141732321 55.66143952962631)
trafiktaelling_fodg.62,984,Sundsholmsvej,Krydsende Sundholmsvej ved nr. 95 (ved Skotland Plads),-,100,Øvrige tællinger,199,200,200,,,,,,,200,,20140625,2014,http://kk.sites.itera.dk/apps/kk_trafik/pdf/QOE2WquTMy.pdf,62,POINT (12.60367004302193 55.657837996813356)
trafiktaelling_fodg.63,985,Cykelslangen,,,3,Andre faste tællinger,23,0,0,,,,,,,0,,20240918,2024,https://kk.sites.itera.dk/apps/kk_trafik/pdf/NfLluSdGLk.pdf,63,POINT (12.564154405056602 55.66249140018991)
trafiktaelling_fodg.64,991,Sti under Tagensvej,Sti under Tagensvej,,100,Øvrige tællinger,88,100,100,,,,,,,100,,20141002,2014,http://kk.sites.itera.dk/apps/kk_trafik/pdf/wJLnPtif17.pdf,64,POINT (12.54185714463311 55.70688984987016)
trafiktaelling_fodg.65,992,Amager Fælled,Cykelruten,,100,Øvrige tællinger,569,700,700,,,,,,,700,,20141001,2014,http://kk.sites.itera.dk/apps/kk_trafik/pdf/W31bOHCslL.pdf,65,POINT (12.577475301553122 55.6598119670168)
trafiktaelling_fodg.66,993,Ryvangsruten,Indgang 1 (Nord),,100,Øvrige tællinger,300,400,400,,,,,,,400,,20141002,2014,http://kk.sites.itera.dk/apps/kk_trafik/pdf/2HIyh0vdoh.pdf,66,POINT (12.564277729571675 55.722730032410944)
trafiktaelling_fodg.67,994,Ryvangsruten,Indgang 2 (Syd),,100,Øvrige tællinger,88,100,100,,,,,,,100,,20141002,2014,http://kk.sites.itera.dk/apps/kk_trafik/pdf/5I5vHMcEMC.pdf,67,POINT (12.563736311180309 55.72152224393533)
trafiktaelling_fodg.68,995,Cykelbro over Lyngbyvej,,,100,Øvrige tællinger,1018,1200,1200,,,,,,,1200,,20180503,2018,http://kk.sites.itera.dk/apps/kk_trafik/pdf/02XiblgTNT.pdf,68,POINT (12.558799351727462 55.71528439611375)
trafiktaelling_fodg.69,996,Cykelbro over Nordhavnsvej,,,100,Øvrige tællinger,436,500,500,,,,,,,500,,20180503,2018,http://kk.sites.itera.dk/apps/kk_trafik/pdf/gzR2qLzjCX.pdf,69,POINT (12.561089627758303 55.71687222290196)
trafiktaelling_fodg.70,997,Fisketorvets Bro,,,100,Øvrige tællinger,6582,7700,8000,,,,,,,7700,,20180918,2018,https://kk.sites.itera.dk/apps/kk_trafik/pdf/l38XloXTNn.pdf,70,POINT (12.563968560425721 55.662246471963726)
trafiktaelling_fodg.71,6516,Søren Kierkegaards Plads,,,100,Øvrige tællinger,500,600,600,,,,,,,600,53,20110623,2011,http://kk.sites.itera.dk/apps/kk_trafik/pdf/kNVhrBRWGT.pdf,71,POINT (12.581295901094464 55.672750908847625)
trafiktaelling_fodg.72,6521,Christianshavns Torv,,,100,Øvrige tællinger,9593,11200,11600,,,,,,,11200,,20190626,2019,https://kk.sites.itera.dk/apps/kk_trafik/pdf/7XShXUyyvC.pdf,72,POINT (12.592552577668794 55.671946458628526)
trafiktaelling_fodg.73,6558,Frederikssundsvej ved Husum Torv,FOD,322B,100,Øvrige tællinger,3666,4300,4400,,,,,,,4300,348,20140604,2014,http://kk.sites.itera.dk/apps/kk_trafik/pdf/4VuPBAwK5T.pdf,73,POINT (12.47200469118542 55.71210435899725)
trafiktaelling_fodg.74,6578,Islands Brygge Havnebad,,,100,Øvrige tællinger,88,100,100,,,,,,,100,8,20110830,2011,http://kk.sites.itera.dk/apps/kk_trafik/pdf/5ZAjxJV4xb.pdf,74,POINT (12.57799038784003 55.66854206987574)
trafiktaelling_fodg.75,6609,Skuespilhuset,FOD,,100,Øvrige tællinger,5463,6400,6600,,,,,,,6400,,20160818,2016,http://kk.sites.itera.dk/apps/kk_trafik/pdf/p5yfgkbGlA.pdf,75,POINT (12.594302061895329 55.67934678389391)
trafiktaelling_fodg.76,6620,Kildevældsparken,Bylivsundersøgelse,-,100,Øvrige tællinger,700,800,800,,,,,,,800,,20130813,2013,http://kk.sites.itera.dk/apps/kk_trafik/pdf/aEVxU6ro99.pdf,76,POINT (12.56709774016212 55.71472942823038)
trafiktaelling_fodg.77,6621,Bellmannsgade,FOD,2,100,Øvrige tællinger,1387,1600,1700,,,,,,,1600,,20240507,2024,https://kk.sites.itera.dk/apps/kk_trafik/pdf/vlJd5Npcm4.pdf,77,POINT (12.568766114936784 55.71435029288216)
trafiktaelling_fodg.78,6622,Vognmandsmarken,fodgængertælling 7-21,,100,Øvrige tællinger,540,600,700,,,,,,,600,,20130813,2013,http://kk.sites.itera.dk/apps/kk_trafik/pdf/aEVxU6ro99.pdf,78,POINT (12.567425110197231 55.71401412001762)
trafiktaelling_fodg.79,6623,Kildevældsgade,fodgængertælling 7-21,80,100,Øvrige tællinger,516,600,600,,,,,,,600,,20130813,2013,http://kk.sites.itera.dk/apps/kk_trafik/pdf/aEVxU6ro99.pdf,79,POINT (12.56916327016069 55.71403939164712)
trafiktaelling_fodg.80,6624,Vennemendevej,fodgængertælling 7-21,70,100,Øvrige tællinger,936,1100,1100,,,,,,,1100,,20130813,2013,http://kk.sites.itera.dk/apps/kk_trafik/pdf/aEVxU6ro99.pdf,80,POINT (12.568769883710832 55.713578365419934)
trafiktaelling_fodg.81,6625,Bryggevangen (Ved Kirken),fodgængertælling 7-21,70,100,Øvrige tællinger,558,700,700,,,,,,,700,,20130813,2013,http://kk.sites.itera.dk/apps/kk_trafik/pdf/aEVxU6ro99.pdf,81,POINT (12.567570257883833 55.71356659357172)
trafiktaelling_fodg.82,6626,Bryggevangen,fodgængertælling 7-21,36,100,Øvrige tællinger,768,900,900,,,,,,,900,,20130813,2013,http://kk.sites.itera.dk/apps/kk_trafik/pdf/aEVxU6ro99.pdf,82,POINT (12.565406162782077 55.71124965879798)
trafiktaelling_fodg.83,6627,Bryggevangen,fodgængertælling 7-21,22,100,Øvrige tællinger,900,1100,1100,,,,,,,1100,,20130813,2013,http://kk.sites.itera.dk/apps/kk_trafik/pdf/aEVxU6ro99.pdf,83,POINT (12.564750772798611 55.7100671148998)
trafiktaelling_fodg.84,6628,Bryggevangen,fodgængertælling 7-21,2,100,Øvrige tællinger,816,1000,1000,,,,,,,1000,,20130813,2013,http://kk.sites.itera.dk/apps/kk_trafik/pdf/aEVxU6ro99.pdf,84,POINT (12.564079216330292 55.70859338954286)
trafiktaelling_fodg.85,6629,Samsøgade,fodgængertælling 7-21,6,100,Øvrige tællinger,546,600,700,,,,,,,600,,20130813,2013,http://kk.sites.itera.dk/apps/kk_trafik/pdf/aEVxU6ro99.pdf,85,POINT (12.564184460308168 55.70804786614221)
trafiktaelling_fodg.86,6630,Australiensvej,fodgængertælling 7-21,22,100,Øvrige tællinger,426,500,500,,,,,,,500,,20130813,2013,http://kk.sites.itera.dk/apps/kk_trafik/pdf/aEVxU6ro99.pdf,86,POINT (12.563665108674053 55.70824377678001)
trafiktaelling_fodg.87,6631,Australiensvej,fodgængertælling 7-21,17,100,Øvrige tællinger,414,500,500,,,,,,,500,,20130813,2013,http://kk.sites.itera.dk/apps/kk_trafik/pdf/aEVxU6ro99.pdf,87,POINT (12.564530156718444 55.70844029585622)
trafiktaelling_fodg.88,6632,Sankt Kjelds Gade,fodgængertælling 7-21,30,100,Øvrige tællinger,1218,1400,1500,,,,,,,1400,,20130813,2013,http://kk.sites.itera.dk/apps/kk_trafik/pdf/aEVxU6ro99.pdf,88,POINT (12.566247741621353 55.709941943595375)
trafiktaelling_fodg.89,6633,Langøgade,fodgængertælling 7-21,22,100,Øvrige tællinger,288,300,300,,,,,,,300,,20130813,2013,http://kk.sites.itera.dk/apps/kk_trafik/pdf/aEVxU6ro99.pdf,89,POINT (12.568746311185992 55.70981095139223)
trafiktaelling_fodg.90,6634,Tåsingegade,fodgængertælling 7-21,42,100,Øvrige tællinger,642,800,800,,,,,,,800,,20130813,2013,http://kk.sites.itera.dk/apps/kk_trafik/pdf/aEVxU6ro99.pdf,90,POINT (12.569241320285144 55.71014069510741)
trafiktaelling_fodg.91,6635,Tåsingegade,fodgængertælling 7-21,62,100,Øvrige tællinger,738,900,900,,,,,,,900,,20130813,2013,http://kk.sites.itera.dk/apps/kk_trafik/pdf/aEVxU6ro99.pdf,91,POINT (12.567077770952645 55.71032028550589)
trafiktaelling_fodg.92,6636,Sejrøgade,fodgængertælling 7-21,14,100,Øvrige tællinger,714,800,900,,,,,,,800,,20130813,2013,http://kk.sites.itera.dk/apps/kk_trafik/pdf/aEVxU6ro99.pdf,92,POINT (12.564133200409513 55.71054586343602)
trafiktaelling_fodg.93,6637,Æbeløgade,fodgængertælling 7-21,1,100,Øvrige tællinger,834,1000,1000,,,,,,,1000,,20130813,2013,http://kk.sites.itera.dk/apps/kk_trafik/pdf/aEVxU6ro99.pdf,93,POINT (12.564333899920564 55.711047499869515)
trafiktaelling_fodg.94,6638,Nygårdsvej,fodgængertælling 7-21,81,100,Øvrige tællinger,1104,1300,1300,,,,,,,1300,,20130813,2013,http://kk.sites.itera.dk/apps/kk_trafik/pdf/aEVxU6ro99.pdf,94,POINT (12.566904612855524 55.710907192624596)
trafiktaelling_fodg.95,7005,Dr. Louises Bro,,,100,Øvrige tællinger,11660,13600,14100,,,,,,,13600,,20230906,2023,https://kk.sites.itera.dk/apps/kk_trafik/pdf/plsVEAhszl.pdf,95,POINT (12.5632340464369 55.68705083327846)
trafiktaelling_fodg.96,7052,Vesterbrogade,,2D,100,Øvrige tællinger,5455,6400,6600,,,,,,,6400,,20180620,2018,https://kk.sites.itera.dk/apps/kk_trafik/pdf/CcCgHgwDNl.pdf,96,POINT (12.56637452543635 55.67544068657318)
trafiktaelling_fodg.97,7101,Nyhavn,øst for Kgs. Nytorv,5,100,Øvrige tællinger,14933,17500,18100,,,,,,,17500,,20230614,2023,https://kk.sites.itera.dk/apps/kk_trafik/pdf/scgwajMLOR.pdf,97,POINT (12.588287161916202 55.68064152825077)
trafiktaelling_fodg.98,7102,Østergade,Strøget vest for Kgs. Nytorv,16,100,Øvrige tællinger,20790,24300,25200,,,,,,,24300,,20230614,2023,https://kk.sites.itera.dk/apps/kk_trafik/pdf/aEbc5tmntF.pdf,98,POINT (12.583887109923623 55.68010284718481)
trafiktaelling_fodg.99,7103,Vimmelskaftet,Strøget øst for Skoubogade,46A,100,Øvrige tællinger,28566,33400,34600,,,,,,,33400,,20230913,2023,https://kk.sites.itera.dk/apps/kk_trafik/pdf/BObWlyJhSD.pdf,99,POINT (12.573975817869965 55.67853738884678)
trafiktaelling_fodg.100,7105,Fiolstræde,nord for St. Kannikestræde,10,100,Øvrige tællinger,9000,10500,10900,,,,,,,10500,900,20100610,2010,http://kk.sites.itera.dk/apps/kk_trafik/pdf/rHj3Jlmty7.pdf,100,POINT (12.573194844108421 55.680303419316566)
trafiktaelling_fodg.101,7106,Kompagnistræde,nordøst for Knabrostræde,13,100,Øvrige tællinger,4714,5500,5700,,,,,,,5500,,20180927,2018,https://kk.sites.itera.dk/apps/kk_trafik/pdf/plmgylAxtt.pdf,101,POINT (12.57591738139272 55.677339786620834)
trafiktaelling_fodg.102,7107,Blågårdsgade,nord for Baggesensgade,8,100,Øvrige tællinger,4477,5200,5400,,,,,,,5200,,20190627,2019,https://kk.sites.itera.dk/apps/kk_trafik/pdf/yhy9bNmvtJ.pdf,102,POINT (12.55927649081516 55.687337947048356)
trafiktaelling_fodg.103,7108,Vanløse Torv,krydser Vanløse Torv,1,100,Øvrige tællinger,11904,13900,14400,,,,,,,13900,,20230531,2023,https://kk.sites.itera.dk/apps/kk_trafik/pdf/DPkOUPToEy.pdf,103,POINT (12.490552744965347 55.68763557808004)
trafiktaelling_fodg.104,7109,Kay Fiskers Plads,FOD,,100,Øvrige tællinger,8804,10300,10700,,,,,,,10300,900,20100527,2010,https://kk.sites.itera.dk/apps/kk_trafik/pdf/ntuU5FpTQ0.pdf,104,POINT (12.579338497020528 55.629463658880894)
trafiktaelling_fodg.105,7110,Østerbrogade,nord for Rosenvængets Allé,68,100,Øvrige tællinger,8364,9800,10100,,,,,,,9800,869,20160615,2016,http://kk.sites.itera.dk/apps/kk_trafik/pdf/eET56xtOuc.pdf,105,POINT (12.57815879135917 55.698917053386744)
trafiktaelling_fodg.106,7111,Østerbrogade,nord for Skt Jacobs Plads,110,100,Øvrige tællinger,6037,7100,7300,,,,,,,7100,593,20160615,2016,http://kk.sites.itera.dk/apps/kk_trafik/pdf/YGkan7L4fA.pdf,106,POINT (12.577466808605058 55.703650280596776)
trafiktaelling_fodg.107,7112,Østerbrogade,syd for Vordingborggade,146,100,Øvrige tællinger,3724,4400,4500,,,,,,,4400,359,20160615,2016,http://kk.sites.itera.dk/apps/kk_trafik/pdf/ALUWDFvgks.pdf,107,POINT (12.577513847593346 55.707811017371874)
trafiktaelling_fodg.108,7113,Østerbrogade,nord for Kildevældsgade,163,100,Øvrige tællinger,5426,6300,6600,,,,,,,6300,443,20160615,2016,http://kk.sites.itera.dk/apps/kk_trafik/pdf/oU2wZNXhy7.pdf,108,POINT (12.57757505382701 55.71517950248815)
trafiktaelling_fodg.109,7114,Amagerbrogade,syd for Svinget,18,100,Øvrige tællinger,4129,4800,5000,,,,,,,4800,405,20160622,2016,http://kk.sites.itera.dk/apps/kk_trafik/pdf/YtBUAfcTLx.pdf,109,POINT (12.598409165334541 55.66656303918522)
trafiktaelling_fodg.110,7115,Amagerbrogade,Amagerbrogade - ved Brysselgade,68,100,Øvrige tællinger,5176,6100,6300,,,,,,,6100,514,20160622,2016,http://kk.sites.itera.dk/apps/kk_trafik/pdf/q4yUtxxYio.pdf,110,POINT (12.60352097008283 55.661623799054034)
trafiktaelling_fodg.111,7116,Amagerbrogade,nord for Sundbyvester Plads,232 B,100,Øvrige tællinger,2240,2600,2700,,,,,,,2600,,20160622,2016,http://kk.sites.itera.dk/apps/kk_trafik/pdf/B7LUfa05aN.pdf,111,POINT (12.613957356676451 55.64720633374013)
trafiktaelling_fodg.112,7117,Nørrebrogade,sydøst for Sjællandsgade,88,100,Øvrige tællinger,4908,5700,5900,,,,,,,5700,,20190627,2019,https://kk.sites.itera.dk/apps/kk_trafik/pdf/4DKrWYP4ZL.pdf,112,POINT (12.552093087486769 55.69222644402958)
trafiktaelling_fodg.113,7118,Nørrebrogade,FOD,118,100,Øvrige tællinger,6569,7700,7900,,,,,,,7700,622,20160915,2016,http://kk.sites.itera.dk/apps/kk_trafik/pdf/LYJUmMe266.pdf,113,POINT (12.549675416928945 55.69393447640266)
trafiktaelling_fodg.114,7119,Nørrebrogade,FOD,249,100,Øvrige tællinger,13544,15800,16400,,,,,,,15800,,20190727,2019,https://kk.sites.itera.dk/apps/kk_trafik/pdf/WFGmGiDrpK.pdf,114,POINT (12.538605873199284 55.700575154720575)
trafiktaelling_fodg.115,7120,Nyhavn,vest for Havnegade,44,100,Øvrige tællinger,5064,5900,6100,,,,,,,5900,,20161011,2016,http://kk.sites.itera.dk/apps/kk_trafik/pdf/yHbTIbaySG.pdf,115,POINT (12.592555773451082 55.67907820152808)
trafiktaelling_fodg.116,7123,Vester Voldgade,FOD,100,100,Øvrige tællinger,3060,3600,3700,,,,,,,3600,,20190917,2019,https://kk.sites.itera.dk/apps/kk_trafik/pdf/0OGjiZsYZs.pdf,116,POINT (12.576155662855708 55.672776732325296)
trafiktaelling_fodg.117,7124,Amaliehaven,ved springvandet,,100,Øvrige tællinger,5236,6100,6300,,,,,,,6100,500,20100608,2010,https://kk.sites.itera.dk/apps/kk_trafik/pdf/YpA5zulwnE.pdf,117,POINT (12.595029576465365 55.683493609620335)
trafiktaelling_fodg.118,7125,Kalvebod Brygge,FOD,3,100,Øvrige tællinger,1783,2100,2200,,,,,,,2100,,20170614,2017,http://kk.sites.itera.dk/apps/kk_trafik/pdf/iiDqBjZmRr.pdf,118,POINT (12.575173305933065 55.669211647981264)
trafiktaelling_fodg.119,7126,Frederiksborggade,vest for Nørre Voldgade,20,100,Øvrige tællinger,22174,25900,26800,,,,,,,25900,,20180619,2018,https://kk.sites.itera.dk/apps/kk_trafik/pdf/xfsX4pTYMm.pdf,119,POINT (12.57110004246626 55.68379264070288)
trafiktaelling_fodg.120,7127,Nørre Voldgade,FOD,54,100,Øvrige tællinger,4467,5200,5400,,,,,,,5200,,20180619,2018,https://kk.sites.itera.dk/apps/kk_trafik/pdf/lw9nVw5t5V.pdf,120,POINT (12.570158887865999 55.68189986726666)
trafiktaelling_fodg.121,7128,Nørre Voldgade,FOD,29,100,Øvrige tællinger,5410,6300,6500,,,,,,,6300,498,20140604,2014,http://kk.sites.itera.dk/apps/kk_trafik/pdf/RkBksvkXrK.pdf,121,POINT (12.57308398838031 55.68445621724458)
trafiktaelling_fodg.122,7131,Dampfærgevej,syd for Pakhusvej,9,100,Øvrige tællinger,1396,1600,1700,,,,,,,1600,100,20100615,2010,https://kk.sites.itera.dk/apps/kk_trafik/pdf/Kw55UDTiyq.pdf,122,POINT (12.594420325709878 55.697280523947526)
trafiktaelling_fodg.123,7132,Sortedam Dossering,syd for Hedemannsgade,75,100,Øvrige tællinger,2977,3500,3600,,,,,,,3500,,20180920,2018,https://kk.sites.itera.dk/apps/kk_trafik/pdf/3hBGp5jXZX.pdf,123,POINT (12.573815022620176 55.69549715515793)
trafiktaelling_fodg.124,7133,Nordre Frihavnsgade,nordøst for Østerbrogade,18,100,Øvrige tællinger,5794,6800,7000,,,,,,,6800,,20220616,2022,https://kk.sites.itera.dk/apps/kk_trafik/pdf/1GV25r0TOP.pdf,124,POINT (12.579506344281468 55.700561227506974)
trafiktaelling_fodg.125,7135,Sortedam Dossering - ved Læssøesgade,,29,100,Øvrige tællinger,3796,4400,4600,,,,,,,4400,,20180929,2018,https://kk.sites.itera.dk/apps/kk_trafik/pdf/dadJpB4DzJ.pdf,125,POINT (12.565928042026952 55.689823032133276)
trafiktaelling_fodg.126,7138,Vesterbrogade,øst for Stenogade,20,100,Øvrige tællinger,8178,9600,9900,,,,,,,9600,700,20100608,2010,https://kk.sites.itera.dk/apps/kk_trafik/pdf/UiFBTQy9BE.pdf,126,POINT (12.558931059986753 55.67299150394603)
trafiktaelling_fodg.127,7139,Vesterbrogade,vest for Dannebrogsgade,70,100,Øvrige tællinger,6624,7800,8000,,,,,,,7800,600,20100608,2010,https://kk.sites.itera.dk/apps/kk_trafik/pdf/jhyX66S9k6.pdf,127,POINT (12.55191034550623 55.672683935067376)
trafiktaelling_fodg.128,7140,Istedgade,sydvest for Saxogade,120,100,Øvrige tællinger,5162,6000,6200,,,,,,,6000,506,20160621,2016,http://kk.sites.itera.dk/apps/kk_trafik/pdf/MRDRCUNG5B.pdf,128,POINT (12.550785614024383 55.66843893055093)
trafiktaelling_fodg.129,7141,Istedgade,nordøst for Gasværksvej,38,100,Øvrige tællinger,4874,5700,5900,,,,,,,5700,,20190625,2019,https://kk.sites.itera.dk/apps/kk_trafik/pdf/1gDrHgGXJC.pdf,129,POINT (12.557835608467387 55.67055405541249)
trafiktaelling_fodg.130,7143,Holmbladsgade,øst for Nordlandsgade,9,100,Øvrige tællinger,4939,5800,6000,,,,,,,5800,432,20140604,2014,http://kk.sites.itera.dk/apps/kk_trafik/pdf/rLXAhKUNx4.pdf,130,POINT (12.60283832216914 55.66437962356609)
trafiktaelling_fodg.131,7144,Prags Boulevard,øst for Amagerbrogade,4,100,Øvrige tællinger,418,500,500,,,,,,,500,67,20100603,2010,https://kk.sites.itera.dk/apps/kk_trafik/pdf/0NAidUryg6.pdf,131,POINT (12.601024186426512 55.66478389269885)
trafiktaelling_fodg.132,7146,Islands Brygge,Promenadesiden o.f. husnr. 17,17,100,Øvrige tællinger,2998,3500,3600,,,,,,,3500,,20100603,2010,https://kk.sites.itera.dk/apps/kk_trafik/pdf/ODh592Gv4H.pdf,132,POINT (12.577520519830923 55.667527751392825)
trafiktaelling_fodg.133,7147,Emil Holms Kanal,nord for Rued Langgårds Vej,130,100,Øvrige tællinger,1234,1400,1500,,,,,,,1400,128,20100603,2010,https://kk.sites.itera.dk/apps/kk_trafik/pdf/rV8kZbL8XI.pdf,133,POINT (12.59122050390886 55.66147086599973)
trafiktaelling_fodg.134,7149,Bystævnet,nord for Gadelandet,,100,Øvrige tællinger,567,700,700,,,,,,,700,50,20100527,2010,https://kk.sites.itera.dk/apps/kk_trafik/pdf/KTFpX0OX6C.pdf,134,POINT (12.476292404725646 55.71318931477384)
trafiktaelling_fodg.135,7151,Frederikssundsvej,FOD,150,100,Øvrige tællinger,3095,3600,3700,,,,,,,3600,,20190626,2019,https://kk.sites.itera.dk/apps/kk_trafik/pdf/JQofHuTfSx.pdf,135,POINT (12.500538995844355 55.704643507444196)
trafiktaelling_fodg.136,7153,Jernbane Alle,nord for Jydeholmen,35,100,Øvrige tællinger,5753,6700,7000,,,,,,,6700,,20190626,2019,https://kk.sites.itera.dk/apps/kk_trafik/pdf/UDl6Gk4Uyk.pdf,136,POINT (12.490957256992745 55.68648379976289)
trafiktaelling_fodg.137,7154,Flintholm station,ved Grøndals Parkvej,,100,Øvrige tællinger,6047,7100,7300,,,,,,,7100,500,20100601,2010,https://kk.sites.itera.dk/apps/kk_trafik/pdf/8ivItnJ6nb.pdf,137,POINT (12.498556179835166 55.68592779674868)
trafiktaelling_fodg.138,7160,Amaliehaven ,kajsiden nord for anløbstrappen,,100,Øvrige tællinger,4600,5400,5600,,,,,,,5400,600,20110830,2011,http://kk.sites.itera.dk/apps/kk_trafik/pdf/pobdblGviw.pdf,138,POINT (12.59553519105413 55.683507791043674)
trafiktaelling_fodg.139,7161,Amaliehaven ,indgang fra kajsiden,,100,Øvrige tællinger,6300,7400,7600,,,,,,,7400,700,20110830,2011,http://kk.sites.itera.dk/apps/kk_trafik/pdf/RtfIbhp2CR.pdf,139,POINT (12.595326970311962 55.68343595718498)
trafiktaelling_fodg.140,7162,Amaliehaven ,kajsiden syd for anløbstrappen,,100,Øvrige tællinger,3500,4100,4200,,,,,,,4100,400,20110616,2011,http://kk.sites.itera.dk/apps/kk_trafik/pdf/dxmZ594160.pdf,140,POINT (12.595366704699344 55.68329090475432)
trafiktaelling_fodg.141,7163,Amaliehaven ,kajsiden til og fra båden,,100,Øvrige tællinger,100,100,100,,,,,,,100,11,20110830,2011,http://kk.sites.itera.dk/apps/kk_trafik/pdf/YtEGK7NdBM.pdf,141,POINT (12.59555959924843 55.68336918323652)
trafiktaelling_fodg.142,7164,Borgbjergsvej,FOD,23,100,Øvrige tællinger,3791,4400,4600,,,,,,,4400,,20190903,2019,https://kk.sites.itera.dk/apps/kk_trafik/pdf/BMHOY2uqGF.pdf,142,POINT (12.537101434527486 55.651126203168396)
trafiktaelling_fodg.143,7165,Christianshavns Kanal,Overgaden oven Vandet,42,100,Øvrige tællinger,4100,4800,5000,,,,,,,4800,400,20110830,2011,http://kk.sites.itera.dk/apps/kk_trafik/pdf/lpgrO65T9y.pdf,143,POINT (12.592208208415958 55.67315456840403)
trafiktaelling_fodg.144,7166,Cirkeline Plads,Hjørnet Enghavevej og Ny Carlsbergvej,,100,Øvrige tællinger,3305,3900,4000,,,,,,,3900,,20160614,2016,http://kk.sites.itera.dk/apps/kk_trafik/pdf/Lf8rCKSL9F.pdf,144,POINT (12.54376099559102 55.66607901383784)
trafiktaelling_fodg.145,7167,Damhusdæmningen,vest for Ved Damhussøen,2B,100,Øvrige tællinger,1507,1800,1800,,,,,,,1800,,20240619,2024,https://kk.sites.itera.dk/apps/kk_trafik/pdf/IqLc9C8bOf.pdf,145,POINT (12.47316153935187 55.681177286666646)
trafiktaelling_fodg.146,7168,Applebys Plads (ved Cirkelbroen),ved Cirkelbroen ved Danisco bygningen,,100,Øvrige tællinger,465,500,600,,,,,,,500,47,20150930,2015,https://kk.sites.itera.dk/apps/kk_trafik/pdf/Omp3l0dex1.pdf,146,POINT (12.5836760374204 55.672218294731536)
trafiktaelling_fodg.147,7169,Fiskebroen,,,100,Øvrige tællinger,669,800,800,,,,,,,800,,20170601,2017,http://kk.sites.itera.dk/apps/kk_trafik/pdf/eEL5BvuwdB.pdf,147,POINT (12.55137779871065 55.64311459388048)
trafiktaelling_fodg.148,7170,Frederiksstadsgade ,,15,100,Øvrige tællinger,1401,1600,1700,,,,,,,1600,,20160614,2016,http://kk.sites.itera.dk/apps/kk_trafik/pdf/07FS1v5Qw4.pdf,148,POINT (12.545969568521773 55.66906975641854)
trafiktaelling_fodg.149,7171,Haderslevsgade ,,3,100,Øvrige tællinger,1052,1200,1300,,,,,,,1200,,20160614,2016,http://kk.sites.itera.dk/apps/kk_trafik/pdf/1D5uWLWhVH.pdf,149,POINT (12.545659311339145 55.66889322034561)
trafiktaelling_fodg.150,7172,Islands Brygge,Fortovet u.f. husnr. 17,17,100,Øvrige tællinger,1302,1500,1600,,,,,,,1500,136,20110621,2011,http://kk.sites.itera.dk/apps/kk_trafik/pdf/ZiRhFAN00R.pdf,150,POINT (12.577716402479869 55.66744539135821)
trafiktaelling_fodg.151,7173,Ben Websters Vej,FOD,70,100,Øvrige tællinger,400,500,500,,,,,,,500,39,20110621,2011,http://kk.sites.itera.dk/apps/kk_trafik/pdf/QwZcfwaMjP.pdf,151,POINT (12.55280180494944 55.646331970664)
trafiktaelling_fodg.152,7174,Islands Brygge,Havneparken ved redningskrans (overfor Islands Brygge 35),37,100,Øvrige tællinger,600,700,700,,,,,,,700,59,20110830,2011,http://kk.sites.itera.dk/apps/kk_trafik/pdf/Lu2huvbEEj.pdf,152,POINT (12.573818600825176 55.665391189248496)
trafiktaelling_fodg.153,7176,Amagerbrogade,FOD,32,100,Øvrige tællinger,3803,4400,4600,,,,,,,4400,,20230912,2023,https://kk.sites.itera.dk/apps/kk_trafik/pdf/rtu70nCNoj.pdf,153,POINT (12.600226002361838 55.6644833396152)
trafiktaelling_fodg.154,7179,Store Møllevej,,8,100,Øvrige tællinger,619,700,700,,,,,,,700,55,20100603,2010,https://kk.sites.itera.dk/apps/kk_trafik/pdf/9Dh0rwOgEW.pdf,154,POINT (12.599514051743885 55.667079570550584)
trafiktaelling_fodg.155,7180,Strandboulevarden,,142,100,Øvrige tællinger,907,1100,1100,,,,,,,1100,83,20120426,2012,http://kk.sites.itera.dk/apps/kk_trafik/pdf/KkfxPoAYHV.pdf,155,POINT (12.58192420582557 55.709304676453655)
trafiktaelling_fodg.156,7181,Strandboulevarden,,31A,100,Øvrige tællinger,1165,1400,1400,,,,,,,1400,99,20120426,2012,http://kk.sites.itera.dk/apps/kk_trafik/pdf/Wz1ysNZKYi.pdf,156,POINT (12.58929020246366 55.70058498966432)
trafiktaelling_fodg.157,7182,Strandboulevarden,,75,100,Øvrige tællinger,1428,1700,1700,,,,,,,1700,128,20120426,2012,http://kk.sites.itera.dk/apps/kk_trafik/pdf/UUnhFnhtTo.pdf,157,POINT (12.586676287799888 55.70520702730391)
trafiktaelling_fodg.158,7183,Nybrogade,FOD,24A,100,Øvrige tællinger,3740,4400,4500,,,,,,,4400,,20230623,2023,https://kk.sites.itera.dk/apps/kk_trafik/pdf/jGMAMn1Yn9.pdf,158,POINT (12.57585582327883 55.676159939965544)
trafiktaelling_fodg.159,7184,Langeliniekaj,ved Langelinie Allé,5,100,Øvrige tællinger,4300,5000,5200,,,,,,,5000,500,20110728,2011,http://kk.sites.itera.dk/apps/kk_trafik/pdf/5FhnWv8YMV.pdf,159,POINT (12.600154088798984 55.69552948665826)
trafiktaelling_fodg.160,7185,Matthæusgade ,øst for Enghavevej,37,100,Øvrige tællinger,3579,4200,4300,,,,,,,4200,,20160614,2016,http://kk.sites.itera.dk/apps/kk_trafik/pdf/y8rn5lsE5z.pdf,160,POINT (12.545751561729846 55.669602800279215)
trafiktaelling_fodg.161,7186,Liva Weels Plads,,,100,Øvrige tællinger,1005,1200,1200,,,,,,,1200,,20160614,2016,http://kk.sites.itera.dk/apps/kk_trafik/pdf/Fx2iML0GiB.pdf,161,POINT (12.546127915568377 55.66544092951184)
trafiktaelling_fodg.162,7187,Nokken Strandvej,Nokken Strandvej - ved roklub,,100,Øvrige tællinger,200,200,200,,,,,,,200,11,20110621,2011,http://kk.sites.itera.dk/apps/kk_trafik/pdf/gD1puIwbxI.pdf,162,POINT (12.564120902530737 55.65428503443883)
trafiktaelling_fodg.163,7188,Nokken Strandvej,Nokken Strandvej - ved bom,,100,Øvrige tællinger,412,500,500,,,,,,,500,,20170614,2017,http://kk.sites.itera.dk/apps/kk_trafik/pdf/YQ3TNpEwLE.pdf,163,POINT (12.56287382026979 55.65334212193344)
trafiktaelling_fodg.164,7189,Strandgade,Nordatlantens Brygge,91,100,Øvrige tællinger,1597,1900,1900,,,,,,,1900,,20170601,2017,http://kk.sites.itera.dk/apps/kk_trafik/pdf/rAoWmhcgmR.pdf,164,POINT (12.596600401792111 55.67734911161737)
trafiktaelling_fodg.165,7190,Nørre Voldgade,Nørre Voldgade - ud for husnr. 106,106,100,Øvrige tællinger,6274,7300,7600,,,,,,,7300,615,20140604,2014,http://kk.sites.itera.dk/apps/kk_trafik/pdf/90z90UgAm4.pdf,165,POINT (12.573709482035435 55.684259777732706)
trafiktaelling_fodg.166,7191,Nørre Voldgade,FOD,3,100,Øvrige tællinger,2463,2900,3000,,,,,,,2900,,20180619,2018,https://kk.sites.itera.dk/apps/kk_trafik/pdf/omdypwxadO.pdf,166,POINT (12.56965268373633 55.68223040595286)
trafiktaelling_fodg.167,7192,Orlogsværftvej,Operaen - Dokøen,,100,Øvrige tællinger,400,500,500,,,,,,,500,46,20110609,2011,http://kk.sites.itera.dk/apps/kk_trafik/pdf/l4VaVQ62rT.pdf,167,POINT (12.599578967334345 55.68171719505565)
trafiktaelling_fodg.168,7193,Peblinge Dossering,ved Baggesensgade,10,100,Øvrige tællinger,3671,4300,4400,,,,,,,4300,,20180920,2018,https://kk.sites.itera.dk/apps/kk_trafik/pdf/UrMRsqznfZ.pdf,168,POINT (12.561513804908735 55.68630041266815)
trafiktaelling_fodg.169,7195,Refshalevej,Café Halvandet,340,100,Øvrige tællinger,60,100,100,,,,,,,100,7,20110830,2011,http://kk.sites.itera.dk/apps/kk_trafik/pdf/ZbUoTMuxye.pdf,169,POINT (12.609951078132402 55.69563585791699)
trafiktaelling_fodg.170,7196,Sluseholmen,,28,100,Øvrige tællinger,1283,1500,1600,,,,,,,1500,97,20100615,2010,https://kk.sites.itera.dk/apps/kk_trafik/pdf/IZ87hroZPQ.pdf,170,POINT (12.549189088594622 55.64652007252834)
trafiktaelling_fodg.171,7199,Langebrogade,,,100,Øvrige tællinger,2051,2400,2500,,,,,,,2400,,20190917,2019,https://kk.sites.itera.dk/apps/kk_trafik/pdf/54k7Jy16wB.pdf,171,POINT (12.580791923984627 55.670427639358415)
trafiktaelling_fodg.172,7200,Vasbygade,FOD,40,100,Øvrige tællinger,205,200,200,,,,,,,200,19,20140910,2014,http://kk.sites.itera.dk/apps/kk_trafik/pdf/e4Q1yTLFmE.pdf,172,POINT (12.545936189920855 55.65622722469993)
trafiktaelling_fodg.173,7600,Klædemålet,Gang(jern)banebro vest for Klædemålet,,100,Øvrige tællinger,1877,2200,2300,,,,,,,2200,143,20140622,2014,http://kk.sites.itera.dk/apps/kk_trafik/pdf/xOfwzdeSLx.pdf,173,POINT (12.545274154043446 55.715270880069234)
trafiktaelling_fodg.174,7601,Folehaven,Gangbro over Folehaven,63,100,Øvrige tællinger,203,200,200,,,,,,,200,15,20110818,2011,http://kk.sites.itera.dk/apps/kk_trafik/pdf/qwEDaGPD4Z.pdf,174,POINT (12.500989309020444 55.65126183592734)
trafiktaelling_fodg.175,7602,Nordre Toldbod,Gangbro over forbindelsesvej ved Gefionspringvand,15,100,Øvrige tællinger,4520,5300,5500,,,,,,,5300,,20110922,2011,http://kk.sites.itera.dk/apps/kk_trafik/pdf/LBiBN0rKdp.pdf,175,POINT (12.598060688498302 55.68948173046298)
trafiktaelling_fodg.176,7603,Jyllingevej,Gangbro ved Jyllingevej Station,98,100,Øvrige tællinger,134,200,200,,,,,,,200,,20181108,2018,https://kk.sites.itera.dk/apps/kk_trafik/pdf/cWm4xf0b6r.pdf,176,POINT (12.477114117217445 55.690728437307726)
trafiktaelling_fodg.177,7604,Lersø Parkallé,Gangbro over Lersø Parkallé,,100,Øvrige tællinger,138,200,200,,,,,,,200,14,20110818,2011,http://kk.sites.itera.dk/apps/kk_trafik/pdf/m6fkXWdcKo.pdf,177,POINT (12.5514887449708 55.712378241347636)
trafiktaelling_fodg.178,7605,Banefløjstien,Gangbro på Banefløjstien over fæstningsgraven,,100,Øvrige tællinger,400,500,500,,,,,,,500,18,20110818,2011,http://kk.sites.itera.dk/apps/kk_trafik/pdf/zvzgIC5tzv.pdf,178,POINT (12.461511875591375 55.7118713261489)
trafiktaelling_fodg.179,7606,Korsager Allé,Gangtunnel mellem Korsager Allé og Åvendingen,,100,Øvrige tællinger,618,700,700,,,,,,,700,11,20110922,2011,http://kk.sites.itera.dk/apps/kk_trafik/pdf/SuyQvsYx9w.pdf,179,POINT (12.466551216982992 55.70625832757831)
trafiktaelling_fodg.180,7607,Amager Boulevard,Gangtunnel under Amager Boulevard ved Thorshavnsgade,4,100,Øvrige tællinger,683,800,800,,,,,,,800,,20240528,2024,https://kk.sites.itera.dk/apps/kk_trafik/pdf/fpWRyDr7WC.pdf,180,POINT (12.581137777278906 55.66909979243385)
trafiktaelling_fodg.181,7608,Amagerbrogade,Gangtunnel under Amagerbrogade ved Hans Bogbinders Allé,156,100,Øvrige tællinger,197,200,200,,,,,,,200,,20220609,2022,https://kk.sites.itera.dk/apps/kk_trafik/pdf/ZuhtFWxVEh.pdf,181,POINT (12.610188468263908 55.65508949559905)
trafiktaelling_fodg.182,7609,Emdrupvej,Gangtunnel under Emdrupvej ved Banebrinken,88,100,Øvrige tællinger,70,100,100,,,,,,,100,6,20120522,2012,http://kk.sites.itera.dk/apps/kk_trafik/pdf/j6d6pwGtgm.pdf,182,POINT (12.539596800251775 55.722713061037545)
trafiktaelling_fodg.183,7610,Frederikssundsvej ,Gangtunnel under Frederikssundsvej ved Hyrdevangen,125A,100,Øvrige tællinger,157,200,200,,,,,,,200,14,20110818,2011,http://kk.sites.itera.dk/apps/kk_trafik/pdf/wMkTnktTju.pdf,183,POINT (12.509765635558926 55.70586455822297)
trafiktaelling_fodg.184,7611,Jagtvej,Gangtunnel under Jagtvej ved Hans Egedes Gade,34,100,Øvrige tællinger,156,200,200,,,,,,,200,,20141022,2014,http://kk.sites.itera.dk/apps/kk_trafik/pdf/fSCnOo7yVO.pdf,184,POINT (12.544430224017017 55.690242424035944)
trafiktaelling_fodg.185,7612,Jagtvej,Gangtunnel under Jagtvej ved Stevnsgade,78,100,Øvrige tællinger,140,200,200,,,,,,,200,,20161012,2016,http://kk.sites.itera.dk/apps/kk_trafik/pdf/lJwMZX4VYe.pdf,185,POINT (12.551566854607024 55.69672541466324)
trafiktaelling_fodg.186,7613,Lyshøjgårdsvej,Gangtunnel under jernbane ved Fengersvej,,100,Øvrige tællinger,2738,3200,3300,,,,,,,3200,46,20110922,2011,http://kk.sites.itera.dk/apps/kk_trafik/pdf/OoYl7zMBAY.pdf,186,POINT (12.507698975527399 55.66372055828285)
trafiktaelling_fodg.187,7614,Oslo Plads ,Gangtunnel under Oslo Plads nordøst,,100,Øvrige tællinger,3450,4000,4200,,,,,,,4000,194,20110922,2011,http://kk.sites.itera.dk/apps/kk_trafik/pdf/YuBLNLwtYI.pdf,187,POINT (12.586415305208828 55.692465553478485)
trafiktaelling_fodg.188,7615,Oslo Plads ,Gangtunnel under Oslo Plads sydvest,,100,Øvrige tællinger,456,500,600,,,,,,,500,31,20110922,2011,http://kk.sites.itera.dk/apps/kk_trafik/pdf/vEQmKXnrQg.pdf,188,POINT (12.58702522250566 55.692135761437626)
trafiktaelling_fodg.189,7616,Peder Lykkes Vej,Gangtunnel under Peder Lykkes Vej ved Tingvej,59C,100,Øvrige tællinger,327,400,400,,,,,,,400,,20110922,2011,http://kk.sites.itera.dk/apps/kk_trafik/pdf/ZwwKROrTQX.pdf,189,POINT (12.599457240887453 55.65457765805263)
trafiktaelling_fodg.190,7617,Roskildevej,Gangtunnel under Roskildevej ved Ålholm Station,130,100,Øvrige tællinger,224,300,300,,,,,,,300,13,20110818,2011,http://kk.sites.itera.dk/apps/kk_trafik/pdf/xtZWYZ1GkU.pdf,190,POINT (12.493872995002475 55.672474561264465)
trafiktaelling_fodg.191,7618,Sjælør Boulevard,Gangtunnel under Sjælør Boulevard ved Sjælør Station,,100,Øvrige tællinger,111,100,100,,,,,,,100,,20141022,2014,http://kk.sites.itera.dk/apps/kk_trafik/pdf/nlrnoG0MSb.pdf,191,POINT (12.527456337938817 55.65203761633985)
trafiktaelling_fodg.192,7619,Slotsherrensvej,Gangtunnel under Slotsherrensvej ved Islev Station,137,100,Øvrige tællinger,60,100,100,,,,,,,100,,20220510,2022,https://kk.sites.itera.dk/apps/kk_trafik/pdf/eOvWgYQm3p.pdf,192,POINT (12.469534460788536 55.69945201776862)
trafiktaelling_fodg.193,7620,Sølvgade,Gangtunnel under Sølvgade ved Botanisk Have,79,100,Øvrige tællinger,64,100,100,,,,,,,100,6,20110922,2011,http://kk.sites.itera.dk/apps/kk_trafik/pdf/swQj87AIv9.pdf,193,POINT (12.57557083688228 55.68871608885069)
trafiktaelling_fodg.194,7621,Sølvgade,Gangtunnel under Sølvgade ved Rigensgade,,100,Øvrige tællinger,314,400,400,,,,,,,400,,20161109,2016,http://kk.sites.itera.dk/apps/kk_trafik/pdf/X9OJdY9UlH.pdf,194,POINT (12.58206053213789 55.686489965692864)
trafiktaelling_fodg.195,7622,Tagensvej,Gangtunnel under Tagensvej ved Arresøgade,18B,100,Øvrige tællinger,101,100,100,,,,,,,100,,20220614,2022,https://kk.sites.itera.dk/apps/kk_trafik/pdf/baE64e0hVa.pdf,195,POINT (12.557709331826672 55.697641910232896)
trafiktaelling_fodg.196,7623,Tomgårdsvej,Gangtunnel under Tomsgårdsvej ved Hovmestervej,69,100,Øvrige tællinger,383,400,500,,,,,,,400,31,20110818,2011,http://kk.sites.itera.dk/apps/kk_trafik/pdf/CIOLdKuzXp.pdf,196,POINT (12.528595082441798 55.71029999063229)
trafiktaelling_fodg.197,7624,Tuborgvej,Gangtunnel under Tuborgvej ved Bispebjerg Parkallé,172A,100,Øvrige tællinger,506,600,600,,,,,,,600,33,20110818,2011,http://kk.sites.itera.dk/apps/kk_trafik/pdf/mJgaHGvVcc.pdf,197,POINT (12.540846218547458 55.7195083183189)
trafiktaelling_fodg.198,7625,Tuborgvej,Gangtunnel under Tuborgvej ved Rymarksvej,66,100,Øvrige tællinger,472,600,600,,,,,,,600,28,20110816,2011,http://kk.sites.itera.dk/apps/kk_trafik/pdf/jSZ3EOzoeI.pdf,198,POINT (12.563461560033932 55.72788566135162)
trafiktaelling_fodg.199,7626,Vigerslevvej,Gangtunnel under Vigerslevvej ved Hansstedsvej,99,100,Øvrige tællinger,436,500,500,,,,,,,500,,20220504,2022,https://kk.sites.itera.dk/apps/kk_trafik/pdf/yM6nfikmXv.pdf,199,POINT (12.48434872743389 55.66542720818399)
trafiktaelling_fodg.200,7627,Østerbrogade,Gangtunnel under Østerbrogade ved Koldinggade,136,100,Øvrige tællinger,215,300,300,,,,,,,300,19,20110816,2011,http://kk.sites.itera.dk/apps/kk_trafik/pdf/moY37RjqR0.pdf,200,POINT (12.577401627662502 55.70655194705809)
trafiktaelling_fodg.201,7628,Østerbrogade,Gangtunnel under Østerbrogade ved Sionsgade,190,100,Øvrige tællinger,300,400,400,,,,,,,400,28,20110922,2011,http://kk.sites.itera.dk/apps/kk_trafik/pdf/GQOspFptXw.pdf,201,POINT (12.57757100299058 55.711015736556874)
trafiktaelling_fodg.202,7629,Østerbrogade,Gangtunnel under Østerbrogade ved Sortedam Dossering,60,100,Øvrige tællinger,321,400,400,,,,,,,400,,20220614,2022,https://kk.sites.itera.dk/apps/kk_trafik/pdf/GTogzbuS7D.pdf,202,POINT (12.578842180923793 55.697859421960814)
trafiktaelling_fodg.203,7630,Østerbrogade,Gangtunnel under Østerbrogade ved Svanemøllebro,167,100,Øvrige tællinger,1591,1900,1900,,,,,,,1900,121,20110816,2011,http://kk.sites.itera.dk/apps/kk_trafik/pdf/QNep4PMeYl.pdf,203,POINT (12.577511225645102 55.71563356549011)
trafiktaelling_fodg.204,7630,Østerbrogade,Gangtunnel under Østerbrogade ved Svanemøllebro,167,100,Øvrige tællinger,1591,1900,1900,,,,,,,1900,121,20110816,2011,http://kk.sites.itera.dk/apps/kk_trafik/pdf/rswGYFTwVV.pdf,204,POINT (12.577511225645102 55.71563356549011)
trafiktaelling_fodg.205,7631,Teglværksbroen,,,100,Øvrige tællinger,2264,2600,2700,,,,,,,2600,,20170601,2017,http://kk.sites.itera.dk/apps/kk_trafik/pdf/rjBWqUvjh2.pdf,205,POINT (12.550517455886002 55.64772094465162)
trafiktaelling_fodg.206,7632,Tove Ditlevsens Plads,,,100,Øvrige tællinger,2580,3000,3100,,,,,,,3000,239,20160913,2016,http://kk.sites.itera.dk/apps/kk_trafik/pdf/oeVwjyEUc9.pdf,206,POINT (12.545511652296119 55.66925915596506)
trafiktaelling_fodg.207,7633,Valby Langgade,FOD,125,100,Øvrige tællinger,2278,2700,2800,,,,,,,2700,209,20140604,2014,http://kk.sites.itera.dk/apps/kk_trafik/pdf/D5FHLFphok.pdf,207,POINT (12.504076823174252 55.666750052557546)
trafiktaelling_fodg.208,7634,Valbyparken,Valbyparken - stien øst for Kalvebodstien ,,100,Øvrige tællinger,130,200,200,,,,,,,200,12,20110830,2011,http://kk.sites.itera.dk/apps/kk_trafik/pdf/gbdC7mO40r.pdf,208,POINT (12.525684410050271 55.63734585554204)
trafiktaelling_fodg.209,7635,Vesterbrogade ,Vesterbrogade - ved Tivoli/Bryggeriet,3,100,Øvrige tællinger,22997,26900,27800,,,,,,,26900,,20180620,2018,https://kk.sites.itera.dk/apps/kk_trafik/pdf/prdlrr7qcz.pdf,209,POINT (12.565946323498256 55.67490460097631)
trafiktaelling_fodg.210,7636,Yrsa Plads,,,100,Øvrige tællinger,2797,3300,3400,,,,,,,3300,242,20160913,2016,http://kk.sites.itera.dk/apps/kk_trafik/pdf/R51vdUYxnw.pdf,210,POINT (12.55802285305244 55.66535866549486)
trafiktaelling_fodg.211,8005,Langelinjebroen,Cykel- og gangbro,,100,Øvrige tællinger,1968,2300,2400,,,,,,,2300,,20220608,2022,https://kk.sites.itera.dk/apps/kk_trafik/pdf/n4y5IX8Iqz.pdf,211,POINT (12.592073082384221 55.69517468441327)
trafiktaelling_fodg.212,8006,Tagensvej,Nørrebroruten syd for Tagensvej,107B,100,Øvrige tællinger,1088,1300,1300,,,,,,,1300,,20240925,2024,https://kk.sites.itera.dk/apps/kk_trafik/pdf/9VuG3QqZyA.pdf,212,POINT (12.544030924796004 55.70397369999571)
trafiktaelling_fodg.213,8007,Tycho Brahes Allé,vest for Kastrupvej,40,100,Øvrige tællinger,445,500,500,,,,,,,500,,20090416,2009,https://kk.sites.itera.dk/apps/kk_trafik/pdf/m9KTjlNqkE.pdf,213,POINT (12.614841980583689 55.656061665268034)
trafiktaelling_fodg.214,8008,Lillegrund,nordøst for Kirkegårdsvej,8,100,Øvrige tællinger,461,500,600,,,,,,,500,,20090416,2009,https://kk.sites.itera.dk/apps/kk_trafik/pdf/j8Gylbb2tp.pdf,214,POINT (12.61252471307807 55.65802063814178)
trafiktaelling_fodg.215,8009,Øresundsvej,nordøst for Kirkegårdsvej,33,100,Øvrige tællinger,1664,1900,2000,,,,,,,1900,,20090416,2009,https://kk.sites.itera.dk/apps/kk_trafik/pdf/CEXsUVC1kp.pdf,215,POINT (12.611034875901343 55.659870147908585)
trafiktaelling_fodg.216,8010,Frankrigsgade,øst for Ålandsgade,21,100,Øvrige tællinger,1025,1200,1200,,,,,,,1200,,20090416,2009,https://kk.sites.itera.dk/apps/kk_trafik/pdf/6u7Jl2lXHt.pdf,216,POINT (12.608298407655306 55.66194680204516)
trafiktaelling_fodg.217,8011,Nørrebrogade,Nørrebroruten syd for Nørrebrogade,211,100,Øvrige tællinger,1778,2100,2200,,,,,,,2100,,20240925,2024,https://kk.sites.itera.dk/apps/kk_trafik/pdf/cgRAOmp01M.pdf,217,POINT (12.541529239389233 55.69880859326531)
trafiktaelling_fodg.218,8012,Sydbanestien,øst for Sjælør Boulevard,,100,Øvrige tællinger,160,200,200,,,,,,,200,,20090526,2009,https://kk.sites.itera.dk/apps/kk_trafik/pdf/iqaGnEfTf8.pdf,218,POINT (12.529638257214812 55.65221899978124)
trafiktaelling_fodg.219,9014,Wittenberggade,øst for Moselgade,37,100,Øvrige tællinger,1920,2200,2300,,,,,,,2200,,20090421,2009,https://kk.sites.itera.dk/apps/kk_trafik/pdf/nll6stCf7O.pdf,219,POINT (12.61221826734709 55.661793488859615)
trafiktaelling_fodg.220,9015,Carl Jacobsens Vej,øst for Gl. Køge Landevej,35,100,Øvrige tællinger,300,400,400,,,,,,,400,,20090526,2009,http://kk.sites.itera.dk/apps/kk_trafik/pdf/mNh7VfQzIV.pdf,220,POINT (12.513213495829481 55.65545992676372)
trafiktaelling_fodg.221,9018,Slagelsegade,øst for Østerbrogade,6,100,Øvrige tællinger,871,1000,1100,,,,,,,1000,,20090901,2009,https://kk.sites.itera.dk/apps/kk_trafik/pdf/BInp90Pb0n.pdf,221,POINT (12.57944058887217 55.698256975566416)
trafiktaelling_fodg.222,9019,J.E. Ohlsens Gade,øst for Østerbrogade,4,100,Øvrige tællinger,495,600,600,,,,,,,600,,20090901,2009,https://kk.sites.itera.dk/apps/kk_trafik/pdf/xLJlOJO45w.pdf,222,POINT (12.578246430166615 55.70159271915646)
trafiktaelling_fodg.223,9020,Carl Johans Gade,øst for Østerbrogade,3,100,Øvrige tællinger,408,500,500,,,,,,,500,,20090901,2009,https://kk.sites.itera.dk/apps/kk_trafik/pdf/rcx7s6efRP.pdf,223,POINT (12.57832618350219 55.702093149917815)
trafiktaelling_fodg.224,9021,Gustav Adolfs Gade,øst for Østerbrogade,3,100,Øvrige tællinger,502,600,600,,,,,,,600,,20090901,2009,https://kk.sites.itera.dk/apps/kk_trafik/pdf/R0371gZRGI.pdf,224,POINT (12.578349497704039 55.702582473651745)
trafiktaelling_fodg.225,9023,Sankt Jakobs Gade,sydøst for Ribegade,18,100,Øvrige tællinger,808,900,1000,,,,,,,900,,20090901,2009,https://kk.sites.itera.dk/apps/kk_trafik/pdf/PlkSg7gOW9.pdf,225,POINT (12.581074818196976 55.70232146632478)
trafiktaelling_fodg.226,9024,Sorøgade,nord for Slagelsegade,4,100,Øvrige tællinger,943,1100,1100,,,,,,,1100,,20090901,2009,https://kk.sites.itera.dk/apps/kk_trafik/pdf/4zinZ0BlX5.pdf,226,POINT (12.58100274264189 55.69884032968521)
trafiktaelling_fodg.227,9028,Alsgade,vest for Slesvigsvej,13,100,Øvrige tællinger,300,400,400,,,,,,,400,,20101104,2010,http://kk.sites.itera.dk/apps/kk_trafik/pdf/sHRWzzEtHh.pdf,227,POINT (12.539848200811358 55.66508446981985)
trafiktaelling_fodg.228,9032,Reventlowsgade,syd for vesterbrogade,4,100,Øvrige tællinger,2400,2800,2900,,,,,,,2800,,20101004,2010,http://kk.sites.itera.dk/apps/kk_trafik/pdf/JYZKu109mF.pdf,228,POINT (12.562917981308981 55.673376269507195)
trafiktaelling_fodg.229,9039,Njalsgade,øst for Ørestads Boulevard,80,100,Øvrige tællinger,1500,1800,1800,,,,,,,1800,,20100929,2010,http://kk.sites.itera.dk/apps/kk_trafik/pdf/w9NAiDYDzo.pdf,229,POINT (12.587548666987503 55.66370801968677)
trafiktaelling_fodg.230,9040,Ny Carlsberg Vej,vest for Dannevirkegade,31,100,Øvrige tællinger,2189,2600,2600,,,,,,,2600,,20171005,2017,http://kk.sites.itera.dk/apps/kk_trafik/pdf/Bkn0TMWqP3.pdf,230,POINT (12.541955520350538 55.66617035807835)
trafiktaelling_fodg.231,9630,Høkerboderne,FOD,1,100,Øvrige tællinger,2440,2900,3000,,,,,,,2900,,20150909,2015,http://kk.sites.itera.dk/apps/kk_trafik/pdf/OQtsnPC3u2.pdf,231,POINT (12.557378626062082 55.66856146143539)
trafiktaelling_fodg.232,9631,Slagterboderne,FOD,1,100,Øvrige tællinger,5500,6400,6700,,,,,,,6400,,20150911,2015,http://kk.sites.itera.dk/apps/kk_trafik/pdf/fAYJw9UMfP.pdf,232,POINT (12.558662933811467 55.66893663089111)
trafiktaelling_fodg.233,9632,Slagterboderne,FOD,1,100,Øvrige tællinger,2475,2900,3000,,,,,,,2900,,20150909,2015,http://kk.sites.itera.dk/apps/kk_trafik/pdf/YPpN9Fiace.pdf,233,POINT (12.557965680189108 55.666282066628696)
trafiktaelling_fodg.234,9641,Købmagergade,Fodgængere_cykler,3,100,Øvrige tællinger,26545,31100,32100,,,,,,,31100,,20180621,2018,https://kk.sites.itera.dk/apps/kk_trafik/pdf/aiHo80apYc.pdf,234,POINT (12.579533297317408 55.679283342920996)
trafiktaelling_fodg.235,9643,Christian IV's Bro,Under Knippelsbro,,100,Øvrige tællinger,2091,2400,2500,,,,,,,2400,199,20140910,2014,http://kk.sites.itera.dk/apps/kk_trafik/pdf/NU9ozBprkq.pdf,235,POINT (12.586407442336904 55.67498005339521)
trafiktaelling_fodg.236,9644,Ørestads Bolulevard,,55,100,Øvrige tællinger,1557,1800,1900,,,,,,,1800,126,20140604,2014,http://kk.sites.itera.dk/apps/kk_trafik/pdf/bLF9mcq6wD.pdf,236,POINT (12.582118527101553 55.6349461047678)
trafiktaelling_fodg.237,9645,Ørestads Bolulevard,,75,100,Øvrige tællinger,2680,3100,3200,,,,,,,3100,225,20140604,2014,http://kk.sites.itera.dk/apps/kk_trafik/pdf/dHRYVF0sQ7.pdf,237,POINT (12.58086546966524 55.63176516664692)
trafiktaelling_fodg.238,9646,Blegdamsvej,Tunnel ved Frederik d. V's Vej,78A,100,Øvrige tællinger,171,200,200,,,,,,,200,,20220614,2022,https://kk.sites.itera.dk/apps/kk_trafik/pdf/iDjS2cd8mC.pdf,238,POINT (12.570408848688517 55.695868789487704)
trafiktaelling_fodg.239,9647,Valby Langgade,Gangbro under Valby Langgade ved Vibeholmen,192,100,Øvrige tællinger,136,200,200,,,,,,,200,13,20110818,2011,http://kk.sites.itera.dk/apps/kk_trafik/pdf/d9farT9MCi.pdf,239,POINT (12.493605776474467 55.669266646044974)
trafiktaelling_fodg.240,9659,Sankt Annæ Plads,FOD,15B,3,Andre faste tællinger,4820,5600,5800,,,,,,,5600,,20170613,2017,http://kk.sites.itera.dk/apps/kk_trafik/pdf/fou0Oa0qYa.pdf,240,POINT (12.59208496866839 55.68156498338662)
trafiktaelling_fodg.241,9660,Langebro,Fodgængere,,100,Øvrige tællinger,2672,3100,3200,,,,,,,3100,,20230914,2023,https://kk.sites.itera.dk/apps/kk_trafik/pdf/VrZ4kvCVvM.pdf,241,POINT (12.577934515691211 55.67054436729424)
trafiktaelling_fodg.242,9660,Langebro,Fodgængere,,100,Øvrige tællinger,2672,3100,3200,,,,,,,3100,,20230914,2023,https://kk.sites.itera.dk/apps/kk_trafik/pdf/2mcYuHdTTo.pdf,242,POINT (12.577934515691211 55.67054436729424)
trafiktaelling_fodg.243,9662,Østre Anlæg,"Fodgængere, kun ind i parken, alle indgange. Beregnet",,100,Øvrige tællinger,4890,5700,5900,,,,,,,5700,,20130625,2013,http://kk.sites.itera.dk/apps/kk_trafik/pdf/MpC5w0OAfL.pdf,243,POINT (12.580969577304932 55.69096415696316)
trafiktaelling_fodg.244,9663,Borgergade,FOD,12,100,Øvrige tællinger,5225,6100,6300,,,,,,,6100,479,20150616,2015,http://kk.sites.itera.dk/apps/kk_trafik/pdf/Le0VKwtfLn.pdf,244,POINT (12.58442032522379 55.682690278223824)
trafiktaelling_fodg.245,9664,Bredgade,FOD,3,100,Øvrige tællinger,8311,9700,10100,,,,,,,9700,872,20150616,2015,http://kk.sites.itera.dk/apps/kk_trafik/pdf/ulwQ86LTBT.pdf,245,POINT (12.587646234462959 55.68129707564603)
trafiktaelling_fodg.246,9665,Bremerholm,FOD,6,100,Øvrige tællinger,4689,5500,5700,,,,,,,5500,484,20150616,2015,http://kk.sites.itera.dk/apps/kk_trafik/pdf/QYXl9wDW08.pdf,246,POINT (12.582811401930691 55.67891746662236)
trafiktaelling_fodg.247,9667,Frederikkssundsvej,FOD,27,100,Øvrige tællinger,7609,8900,9200,,,,,,,8900,,20190627,2019,https://kk.sites.itera.dk/apps/kk_trafik/pdf/YIcxQ2r4MQ.pdf,247,POINT (12.533746725545678 55.70164226129247)
trafiktaelling_fodg.248,9668,Gammel Mønt,FOD,4,100,Øvrige tællinger,3922,4600,4700,,,,,,,4600,,20150616,2015,http://kk.sites.itera.dk/apps/kk_trafik/pdf/rCgTJXm3P5.pdf,248,POINT (12.581537091736996 55.681207089613956)
trafiktaelling_fodg.249,9669,H.C. Andersens Boulevard,FOD,13,100,Øvrige tællinger,4156,4900,5000,,,,,,,4900,394,20150623,2015,http://kk.sites.itera.dk/apps/kk_trafik/pdf/8YnL5hGg6a.pdf,249,POINT (12.566793046012998 55.67724087825045)
trafiktaelling_fodg.250,9670,H.C. Andersens Boulevard,FOD,23,100,Øvrige tællinger,7708,9000,9300,,,,,,,9000,352,20150623,2015,http://kk.sites.itera.dk/apps/kk_trafik/pdf/hj9Jn96Tom.pdf,250,POINT (12.571235137583411 55.674347699293996)
trafiktaelling_fodg.251,9671,Havnegade,FOD,37,100,Øvrige tællinger,2767,3200,3300,,,,,,,3200,241,20150617,2015,http://kk.sites.itera.dk/apps/kk_trafik/pdf/wGZXljOxq2.pdf,251,POINT (12.590153816926325 55.67715111263272)
trafiktaelling_fodg.252,9672,Jagtvej,FOD,52A,100,Øvrige tællinger,6552,7700,7900,,,,,,,7700,614,20150624,2015,http://kk.sites.itera.dk/apps/kk_trafik/pdf/n9MU5xOxOg.pdf,252,POINT (12.549511875968749 55.694717092123206)
trafiktaelling_fodg.253,9673,Jagtvej,FOD,69,100,Øvrige tællinger,3338,3900,4000,,,,,,,3900,320,20150624,2015,http://kk.sites.itera.dk/apps/kk_trafik/pdf/i4mUZ7cP7f.pdf,253,POINT (12.548109744891297 55.69384745771209)
trafiktaelling_fodg.254,9674,Jagtvej,FOD,137,100,Øvrige tællinger,2557,3000,3100,,,,,,,3000,239,20150624,2015,http://kk.sites.itera.dk/apps/kk_trafik/pdf/EWnoqtRNSO.pdf,254,POINT (12.55316074623104 55.698356103805075)
trafiktaelling_fodg.255,9675,Knippelsbro,FOD,,100,Øvrige tællinger,6334,7400,7700,,,,,,,7400,,20230912,2023,https://kk.sites.itera.dk/apps/kk_trafik/pdf/s8euUCS7Gh.pdf,255,POINT (12.587368491899465 55.67480580722062)
trafiktaelling_fodg.256,9676,Kristen Bernikows Gade,FOD,2,100,Øvrige tællinger,5828,6800,7100,,,,,,,6800,,20230921,2023,https://kk.sites.itera.dk/apps/kk_trafik/pdf/iZhKM1MuJ9.pdf,256,POINT (12.582313413901957 55.68010467096808)
trafiktaelling_fodg.257,9677,Lygten,FOD,2C,100,Øvrige tællinger,6423,7500,7800,,,,,,,7500,,20150818,2015,http://kk.sites.itera.dk/apps/kk_trafik/pdf/S7K7eY0COF.pdf,257,POINT (12.537646378691756 55.70216388684818)
trafiktaelling_fodg.258,9678,Nordre Fasanvej,FOD,252,100,Øvrige tællinger,4603,5400,5600,,,,,,,5400,405,20150820,2015,http://kk.sites.itera.dk/apps/kk_trafik/pdf/niYnwtfdF9.pdf,258,POINT (12.537322655909696 55.7007990138112)
trafiktaelling_fodg.259,9679,Nørre Farigmagsgade,FOD,68,100,Øvrige tællinger,2604,3000,3200,,,,,,,3000,247,20150617,2015,http://kk.sites.itera.dk/apps/kk_trafik/pdf/CmXmiTc6oo.pdf,259,POINT (12.567929422743422 55.68450684631101)
trafiktaelling_fodg.260,9680,Rantzausgade,FOD,40,100,Øvrige tællinger,2536,3000,3100,,,,,,,3000,234,20150624,2015,http://kk.sites.itera.dk/apps/kk_trafik/pdf/ZbH3aOAVSm.pdf,260,POINT (12.548461436356739 55.68701374528754)
trafiktaelling_fodg.261,9681,Store Kongensgade,FOD,24,100,Øvrige tællinger,8222,9600,9900,,,,,,,9600,801,20150616,2015,http://kk.sites.itera.dk/apps/kk_trafik/pdf/sTTNEWn48V.pdf,261,POINT (12.585977884642796 55.68213296628837)
trafiktaelling_fodg.262,9682,Tagensvej,FOD,14,100,Øvrige tællinger,1563,1800,1900,,,,,,,1800,139,20150624,2015,http://kk.sites.itera.dk/apps/kk_trafik/pdf/HjtgYj0zjQ.pdf,262,POINT (12.559679302435784 55.69710016483181)
trafiktaelling_fodg.263,9683,Tagensvej,FOD,99,100,Øvrige tællinger,3401,4000,4100,,,,,,,4000,312,20150819,2015,http://kk.sites.itera.dk/apps/kk_trafik/pdf/4gri02uaNn.pdf,263,POINT (12.547361018124844 55.70339140235199)
trafiktaelling_fodg.264,9684,Torvegade,FOD,29,100,Øvrige tællinger,8092,9500,9800,,,,,,,9500,,20190626,2019,https://kk.sites.itera.dk/apps/kk_trafik/pdf/RYaaIeLItI.pdf,264,POINT (12.590360661444832 55.67307592365564)
trafiktaelling_fodg.265,9686,Vester Farimagsgade,FOD,7,100,Øvrige tællinger,6154,7200,7400,,,,,,,7200,549,20150623,2015,http://kk.sites.itera.dk/apps/kk_trafik/pdf/yCl5umWWy8.pdf,265,POINT (12.561799262757985 55.67556872860412)
trafiktaelling_fodg.266,9687,Vester Voldgade,FOD,87,100,Øvrige tællinger,4869,5700,5900,,,,,,,5700,480,20150623,2015,http://kk.sites.itera.dk/apps/kk_trafik/pdf/Hu5OzYxN0Y.pdf,266,POINT (12.57244941412391 55.67489117711892)
trafiktaelling_fodg.267,9689,Øster Farimagsgade,FOD,2A,100,Øvrige tællinger,2961,3500,3600,,,,,,,3500,,20150617,2015,https://kk.sites.itera.dk/apps/kk_trafik/pdf/DxF9g8FCqd.pdf,267,POINT (12.57004466489422 55.68620644187323)
trafiktaelling_fodg.268,9690,Øster Farimagsgade,FOD,18,100,Øvrige tællinger,3028,3500,3700,,,,,,,3500,255,20150624,2015,http://kk.sites.itera.dk/apps/kk_trafik/pdf/hE4do4QFho.pdf,268,POINT (12.575709064679872 55.69071260853809)
trafiktaelling_fodg.269,9691,Åboulevard,FOD,16,100,Øvrige tællinger,1538,1800,1900,,,,,,,1800,,20150624,2015,http://kk.sites.itera.dk/apps/kk_trafik/pdf/sbDt0vwMQN.pdf,269,POINT (12.555934264288389 55.6836358819884)
trafiktaelling_fodg.270,9696,Damhusengen,"Fodgængere, kun ind i parken, alle indgange. Beregnet",,100,Øvrige tællinger,5864,6900,7100,,,,,,,6900,,20130618,2013,http://kk.sites.itera.dk/apps/kk_trafik/pdf/YK3yMyJGOq.pdf,270,POINT (12.469467359365462 55.68579635370596)
trafiktaelling_fodg.271,9698,Enghaveparken,FOD,,100,Øvrige tællinger,1746,2000,2100,,,,,,,2000,,20130625,2013,http://kk.sites.itera.dk/apps/kk_trafik/pdf/v03jlP5KR5.pdf,271,POINT (12.543238155024051 55.666870445654624)
trafiktaelling_fodg.272,9703,Stranden ved Svanemøllebugten/Strandparken,OPHOLD,36,100,Øvrige tællinger,,,,,,,,,,,,20110804,2011,http://kk.sites.itera.dk/apps/kk_trafik/pdf/NyLGqVvkHv.pdf,272,POINT (12.583662808767517 55.72009422647469)
trafiktaelling_fodg.273,9703,Stranden ved Svanemøllebugten/Strandparken,OPHOLD,36,100,Øvrige tællinger,,,,,,,,,,,,20110804,2011,http://kk.sites.itera.dk/apps/kk_trafik/pdf/H5CIuqrWKs.pdf,273,POINT (12.583662808767517 55.72009422647469)
trafiktaelling_fodg.274,9703,Stranden ved Svanemøllebugten/Strandparken,OPHOLD,36,100,Øvrige tællinger,2200,2600,2700,,,,,,,2600,200,20110804,2011,http://kk.sites.itera.dk/apps/kk_trafik/pdf/2ajTFpAY36.pdf,274,POINT (12.583662808767517 55.72009422647469)
trafiktaelling_fodg.275,9711,Nordre Frihavnsgade,FOD,52,100,Øvrige tællinger,3898,4600,4700,,,,,,,4600,,20220616,2022,https://kk.sites.itera.dk/apps/kk_trafik/pdf/Chd1O99G4o.pdf,275,POINT (12.582803763536862 55.70219017828163)
trafiktaelling_fodg.276,9712,Nordre Frihavnsgade,FOD,98,100,Øvrige tællinger,1075,1300,1300,,,,,,,1300,84,20150506,2015,http://kk.sites.itera.dk/apps/kk_trafik/pdf/RHidLdFgXg.pdf,276,POINT (12.589591521365216 55.703508425657866)
trafiktaelling_fodg.277,9717,Rigsdagsgården,,,100,Øvrige tællinger,6262,7300,7600,,,,,,,7300,,20230926,2023,https://kk.sites.itera.dk/apps/kk_trafik/pdf/Tc7Axo3hwQ.pdf,277,POINT (12.580745763382257 55.67544500791973)
trafiktaelling_fodg.278,9752,Cirkelbroen,,,100,Øvrige tællinger,2627,3100,3200,,,,,,,3100,,20230914,2023,https://kk.sites.itera.dk/apps/kk_trafik/pdf/bzrGGQyWjS.pdf,278,POINT (12.583665646695064 55.67239507294161)
trafiktaelling_fodg.279,9829,Hammershøis Kaj (ved Cirkelbroen),FOD,,100,Øvrige tællinger,673,800,800,,,,,,,800,71,20150930,2015,http://kk.sites.itera.dk/apps/kk_trafik/pdf/Il8maTypQ5.pdf,279,POINT (12.584137365641423 55.67250169187513)
trafiktaelling_fodg.280,9833,Staldgade,FOD,32,100,Øvrige tællinger,501,600,600,,,,,,,600,37,20150909,2015,http://kk.sites.itera.dk/apps/kk_trafik/pdf/6bnx51xfb1.pdf,280,POINT (12.56284931685846 55.668051738674926)
trafiktaelling_fodg.281,9844,Carl Jacobsens Vej,Ved Kløverbladsgade,14,100,Øvrige tællinger,489,600,600,,,,,,,600,,20150602,2015,http://kk.sites.itera.dk/apps/kk_trafik/pdf/B93QyZCyjf.pdf,281,POINT (12.51905680909146 55.65324338426862)
trafiktaelling_fodg.282,9845,Carl Jacobsens Vej,Ved Trekronergade,-,100,Øvrige tællinger,183,200,200,,,,,,,200,,20150602,2015,http://kk.sites.itera.dk/apps/kk_trafik/pdf/1U47G4BNmY.pdf,282,POINT (12.520578421862568 55.653004844512566)
trafiktaelling_fodg.283,9847,Oehlenschlægergade,Mellem Istedgade og Matthæusgade,,100,Øvrige tællinger,1143,1300,1400,,,,,,,1300,,20160525,2016,http://kk.sites.itera.dk/apps/kk_trafik/pdf/aHYK6jAHRl.pdf,283,POINT (12.549958526669231 55.66881594724649)
trafiktaelling_fodg.284,9848,Saxopgade,Mellem Istedgade og Matthæusgade,62,100,Øvrige tællinger,1786,2100,2200,,,,,,,2100,161,20160525,2016,http://kk.sites.itera.dk/apps/kk_trafik/pdf/NKmQFkuUQL.pdf,284,POINT (12.551136664233121 55.668866298019786)
trafiktaelling_fodg.285,9849,Valdemarsgade,Mellem Istedgade og Dybbølsgade,57,100,Øvrige tællinger,1689,2000,2000,,,,,,,2000,152,20160525,2016,http://kk.sites.itera.dk/apps/kk_trafik/pdf/xfc8O0T4Ef.pdf,285,POINT (12.549136536925259 55.66769443937647)
trafiktaelling_fodg.286,9850,Oehlenschlægergade,Mellem Istedgade og Dybbølsgade,,100,Øvrige tællinger,1335,1600,1600,,,,,,,1600,,20160525,2016,http://kk.sites.itera.dk/apps/kk_trafik/pdf/NbMyOlKtsR.pdf,286,POINT (12.550031639275177 55.667974253427765)
trafiktaelling_fodg.287,9852,Eskildsgade,Mellem Istedgade og Svendsgade,,100,Øvrige tællinger,1741,2000,2100,,,,,,,2000,140,20160525,2016,http://kk.sites.itera.dk/apps/kk_trafik/pdf/iBvo4JBF7H.pdf,287,POINT (12.555885699793397 55.67037314969037)
trafiktaelling_fodg.288,9853,Viktoriagade,Mellem Istedgade og Abel Cathrines Gade,,100,Øvrige tællinger,1390,1600,1700,,,,,,,1600,122,20160525,2016,http://kk.sites.itera.dk/apps/kk_trafik/pdf/bJTJmvpyVr.pdf,288,POINT (12.558487438619094 55.671170856523545)
trafiktaelling_fodg.289,9854,Abel Cathrines Gade,Mellem Istedgade og Viktoriagade,,100,Øvrige tællinger,1052,1200,1300,,,,,,,1200,85,20160525,2016,http://kk.sites.itera.dk/apps/kk_trafik/pdf/ExIS6nG6RF.pdf,289,POINT (12.559557582692777 55.671388842449396)
trafiktaelling_fodg.290,9855,Colbjørnsensgade,Mellem Istedgade og Vesterbrogade,12,100,Øvrige tællinger,2378,2800,2900,,,,,,,2800,211,20160525,2016,http://kk.sites.itera.dk/apps/kk_trafik/pdf/WFIoaHwmRQ.pdf,290,POINT (12.562003109646456 55.672404768699444)
trafiktaelling_fodg.291,9864,Valdemarsgade,Mellem Matthæusgade og Vesterbrogade,2,100,Øvrige tællinger,1784,2100,2200,,,,,,,2100,176,20160525,2016,http://kk.sites.itera.dk/apps/kk_trafik/pdf/57uJhQAtco.pdf,291,POINT (12.548352260641838 55.67199222229685)
trafiktaelling_fodg.292,9866,Carlsbergruten,,-,100,Øvrige tællinger,823,1000,1000,,,,,,,1000,,20180920,2018,https://kk.sites.itera.dk/apps/kk_trafik/pdf/Isgl4zMfCO.pdf,292,POINT (12.530766089495035 55.66381517163847)
trafiktaelling_fodg.293,9871,Inderhavnsbroen,,-,2,Søsnittet,9985,11700,12100,,,,,,,11700,,20240910,2024,https://kk.sites.itera.dk/apps/kk_trafik/pdf/SJRFbhcQgm.pdf,293,POINT (12.594696022878592 55.67849903361741)
trafiktaelling_fodg.294,9873,Trangravsbroen (nord),,-,100,Øvrige tællinger,2021,2400,2400,,,,,,,2400,,20210921,2021,https://kk.sites.itera.dk/apps/kk_trafik/pdf/XZIpZbZDVb.pdf,294,POINT (12.599324106755141 55.67785142559879)
trafiktaelling_fodg.295,9874,Trangravsbroen (sydøst),,-,100,Øvrige tællinger,1967,2300,2400,,,,,,,2300,,20210921,2021,https://kk.sites.itera.dk/apps/kk_trafik/pdf/A5JKIggOHS.pdf,295,POINT (12.59902385515276 55.67754578993268)
trafiktaelling_fodg.296,9876,Mellem Proviantbroen og Trangravsbroen,,-,100,Øvrige tællinger,1967,2300,2400,,,,,,,2300,177,20160908,2016,http://kk.sites.itera.dk/apps/kk_trafik/pdf/jnf4L85nxU.pdf,296,POINT (12.600194847884707 55.678750847817675)
trafiktaelling_fodg.297,9877,Proviantbroen,,-,100,Øvrige tællinger,1169,1400,1400,,,,,,,1400,,20210921,2021,https://kk.sites.itera.dk/apps/kk_trafik/pdf/bCKSZUg0rx.pdf,297,POINT (12.600753516133711 55.67943678976787)
trafiktaelling_fodg.298,9886,Lønstrupvej,Ved Hirtshalsvej,4,100,Øvrige tællinger,926,1100,1100,,,,,,,1100,63,20160919,2016,http://kk.sites.itera.dk/apps/kk_trafik/pdf/a56t4FAJkg.pdf,298,POINT (12.479784725070866 55.685676479283174)
trafiktaelling_fodg.299,9887,Lønstrupvej,Ved Ålekistevej,2,100,Øvrige tællinger,585,700,700,,,,,,,700,52,20160919,2016,http://kk.sites.itera.dk/apps/kk_trafik/pdf/F4RvQhFgkK.pdf,299,POINT (12.481570063393447 55.68601420019395)
trafiktaelling_fodg.300,9924,Kvæsthusgade,FOD,3,100,Øvrige tællinger,1032,1200,1200,,,,,,,1200,91,20161011,2016,http://kk.sites.itera.dk/apps/kk_trafik/pdf/VYoPfxjgYe.pdf,300,POINT (12.593412023901616 55.67960302478849)
trafiktaelling_fodg.301,9930,Nyhavnsbroen,FOD,,100,Øvrige tællinger,10536,12300,12700,,,,,,,12300,1011,20161011,2016,http://kk.sites.itera.dk/apps/kk_trafik/pdf/VSPOb19Sn1.pdf,301,POINT (12.591272415702278 55.679583095492134)
trafiktaelling_fodg.302,9930,Nyhavnsbroen,FOD,,100,Øvrige tællinger,10536,12300,12700,,,,,,,12300,,20161011,2016,http://kk.sites.itera.dk/apps/kk_trafik/pdf/WVJFXu1KON.pdf,302,POINT (12.591272415702278 55.679583095492134)
trafiktaelling_fodg.303,9932,Passagen ved Matthæuskirken,,,100,Øvrige tællinger,999,1200,1200,,,,,,,1200,90,20160614,2016,http://kk.sites.itera.dk/apps/kk_trafik/pdf/FStE2X0YYc.pdf,303,POINT (12.547561042166649 55.66946478084817)
trafiktaelling_fodg.304,9938,Teglgårdsstræde,,,100,Øvrige tællinger,,,,,,,,,,,,20230608,2023,https://kk.sites.itera.dk/apps/kk_trafik/pdf/ybKJ2lE9Fj.pdf,304,POINT (12.568376337685738 55.679450040201566)
trafiktaelling_fodg.305,9938,Teglgårdsstræde,,,100,Øvrige tællinger,2271,2700,2700,,,,,,,2700,,20230608,2023,https://kk.sites.itera.dk/apps/kk_trafik/pdf/SoqyAztHev.pdf,305,POINT (12.568376337685738 55.679450040201566)
trafiktaelling_fodg.306,9939,Toldbodgade,Nord for Sankt Annæ Plads,,100,Øvrige tællinger,3092,3600,3700,,,,,,,3600,,20161012,2016,http://kk.sites.itera.dk/apps/kk_trafik/pdf/7udsQJQ55j.pdf,306,POINT (12.5929528879865 55.68157029870189)
trafiktaelling_fodg.307,9940,Torvegade,Fodgængerfelt Torvegade ved Christianshavns Voldgade,,100,Øvrige tællinger,1954,2300,2400,,,,,,,2300,,20160525,2016,http://kk.sites.itera.dk/apps/kk_trafik/pdf/s118Ph9cp8.pdf,307,POINT (12.594242050415273 55.670920817056434)
trafiktaelling_fodg.308,9956,Vendersgade,FOD,5,100,Øvrige tællinger,8984,10500,10900,,,,,,,10500,,20170620,2017,http://kk.sites.itera.dk/apps/kk_trafik/pdf/hPY5e0wRQJ.pdf,308,POINT (12.570159730305278 55.68304581752047)
trafiktaelling_fodg.309,10029,Dronningensgade,,48,100,Øvrige tællinger,1096,1300,1300,,,,,,,1300,,20170420,2017,http://kk.sites.itera.dk/apps/kk_trafik/pdf/6vUVYDMyNz.pdf,309,POINT (12.591785374883484 55.671878992856676)
trafiktaelling_fodg.310,10092,Lyshøjgårdsvej,FOD,59,100,Øvrige tællinger,4911,5700,5900,,,,,,,5700,,20170509,2017,http://kk.sites.itera.dk/apps/kk_trafik/pdf/gPevx825gG.pdf,310,POINT (12.514646027218316 55.663335814038206)
trafiktaelling_fodg.311,10094,Lyshøjgårdsvej,FOD,69,100,Øvrige tællinger,1707,2000,2100,,,,,,,2000,,20170509,2017,http://kk.sites.itera.dk/apps/kk_trafik/pdf/q6TX6ln1aE.pdf,311,POINT (12.512657847089965 55.66331873357003)
trafiktaelling_fodg.312,10095,Papirøens bro,FOD,-,100,Øvrige tællinger,7234,8500,8800,,,,,,,8500,,20160908,2016,http://kk.sites.itera.dk/apps/kk_trafik/pdf/kWXKP4nWXb.pdf,312,POINT (12.599104942805758 55.6780381106219)
trafiktaelling_fodg.313,10096,Strandgade,Ved Inderhavnsbroen,108,100,Øvrige tællinger,935,1100,1100,,,,,,,1100,,20170912,2017,http://kk.sites.itera.dk/apps/kk_trafik/pdf/541FQ90m2u.pdf,313,POINT (12.597804053283731 55.67778618524443)
trafiktaelling_fodg.314,10098,Trangravsvej,Øst for Trangravsbroen,-,100,Øvrige tællinger,1334,1600,1600,,,,,,,1600,,20160908,2016,http://kk.sites.itera.dk/apps/kk_trafik/pdf/XWkLb7I4rv.pdf,314,POINT (12.5999028049904 55.677731128650585)
trafiktaelling_fodg.315,10102,Sti ved Nøkkerosevej,,,100,Øvrige tællinger,183,200,200,,,,,,,200,,20170523,2017,http://kk.sites.itera.dk/apps/kk_trafik/pdf/n6rd4jnP5r.pdf,315,POINT (12.539401600166627 55.72371406753276)
trafiktaelling_fodg.316,10103,Tordenskjoldsgade,TRAFIK,13,100,Øvrige tællinger,956,1100,1200,,,,,,,1100,,20170425,2017,http://kk.sites.itera.dk/apps/kk_trafik/pdf/BYAQohUg6Y.pdf,316,POINT (12.587316703924314 55.67851327411837)
trafiktaelling_fodg.317,10104,Wildersgade,TRAFIK,34,100,Øvrige tællinger,934,1100,1100,,,,,,,1100,,20170426,2017,http://kk.sites.itera.dk/apps/kk_trafik/pdf/16koVaKRx4.pdf,317,POINT (12.590376838500351 55.673374736172185)
trafiktaelling_fodg.318,10105,Gothersgade,FOD,115,100,Øvrige tællinger,8216,9600,9900,,,,,,,9600,,20170622,2017,http://kk.sites.itera.dk/apps/kk_trafik/pdf/b6lpNSs16j.pdf,318,POINT (12.574485199883847 55.68427809709984)
trafiktaelling_fodg.319,10108,Nybrogade,,22,100,Øvrige tællinger,3740,4400,4500,,,,,,,4400,,20230926,2023,https://kk.sites.itera.dk/apps/kk_trafik/pdf/H7frmZJT57.pdf,319,POINT (12.576096831360365 55.676261898967994)
trafiktaelling_fodg.320,10109,Belvederebroen,,,100,Øvrige tællinger,324,400,400,,,,,,,400,,20210915,2021,https://kk.sites.itera.dk/apps/kk_trafik/pdf/DAAeVIoKml.pdf,320,POINT (12.553151883680954 55.65596556889659)
trafiktaelling_fodg.321,10110,Bernstoffsgade,FOD,4,3,Andre faste tællinger,17373,20300,21000,,,,,,,20300,,20170608,2017,http://kk.sites.itera.dk/apps/kk_trafik/pdf/2f05wruNhb.pdf,321,POINT (12.564963255557165 55.673903153779776)
trafiktaelling_fodg.322,10111,Frederiksborggade,FOD,37,100,Øvrige tællinger,10063,11800,12200,,,,,,,11800,,20170620,2017,http://kk.sites.itera.dk/apps/kk_trafik/pdf/kvpxqS1AJl.pdf,322,POINT (12.566525321265258 55.6855308077827)
trafiktaelling_fodg.323,10112,Frederiksholms Kanal,FOD,12,100,Øvrige tællinger,5287,6200,6400,,,,,,,6200,,20230926,2023,https://kk.sites.itera.dk/apps/kk_trafik/pdf/pBPfpkrUal.pdf,323,POINT (12.576122739033346 55.67500432855457)
trafiktaelling_fodg.324,10113,Frederiksholms Kanal,FOD,28A,100,Øvrige tællinger,1406,1600,1700,,,,,,,1600,,20170621,2017,http://kk.sites.itera.dk/apps/kk_trafik/pdf/N416CSCx0n.pdf,324,POINT (12.57811522822455 55.6733649561048)
trafiktaelling_fodg.325,10115,Gothersgade,FOD,3,100,Øvrige tællinger,10613,12400,12800,,,,,,,12400,,20170622,2017,http://kk.sites.itera.dk/apps/kk_trafik/pdf/iPn8b6beUU.pdf,325,POINT (12.584931929327317 55.681480310256525)
trafiktaelling_fodg.326,10120,"Torvegade, ved Ravelinen",FOD,,100,Øvrige tællinger,4075,4800,4900,,,,,,,4800,,20230912,2023,https://kk.sites.itera.dk/apps/kk_trafik/pdf/z4wDKXJMLM.pdf,326,POINT (12.59524647045448 55.670274108752125)
trafiktaelling_fodg.327,10121,Vendersgade,FOD,16,100,Øvrige tællinger,3936,4600,4800,,,,,,,4600,,20170620,2017,https://kk.sites.itera.dk/apps/kk_trafik/pdf/8UEnl1s1Av.pdf,327,POINT (12.566758507000928 55.68459146080963)
trafiktaelling_fodg.328,10124,Bernstoffsgade,FOD,24,100,Øvrige tællinger,13035,15300,15800,,,,,,,15300,,20170823,2017,http://kk.sites.itera.dk/apps/kk_trafik/pdf/wLjv1WaGSt.pdf,328,POINT (12.567113018790247 55.67184633818916)
trafiktaelling_fodg.329,10134,Nørregade,FOD,40,100,Øvrige tællinger,7030,8200,8500,,,,,,,8200,,20230608,2023,https://kk.sites.itera.dk/apps/kk_trafik/pdf/YdiJW7uc1o.pdf,329,POINT (12.571046110215686 55.682182628766846)
trafiktaelling_fodg.330,10135,Marmorbroen,FOD,,100,Øvrige tællinger,3234,3800,3900,,,,,,,3800,,20180620,2018,https://kk.sites.itera.dk/apps/kk_trafik/pdf/uHnFBHIMUI.pdf,330,POINT (12.576740619629756 55.67483011527256)
trafiktaelling_fodg.331,10136,Prinsensbro,FOD,,100,Øvrige tællinger,2609,3100,3200,,,,,,,3100,,20180620,2018,https://kk.sites.itera.dk/apps/kk_trafik/pdf/ZQ3JvX1eAF.pdf,331,POINT (12.577588857962073 55.674177913913255)
trafiktaelling_fodg.332,10139,Højbro,FOD,,100,Øvrige tællinger,8487,9900,10300,,,,,,,9900,,20230926,2023,https://kk.sites.itera.dk/apps/kk_trafik/pdf/IhJ1hpuQim.pdf,332,POINT (12.57982534571173 55.677608097692506)
trafiktaelling_fodg.333,10150,Tøjhusgade,FOD,9,100,Øvrige tællinger,1892,2200,2300,,,,,,,2200,,20180620,2018,https://kk.sites.itera.dk/apps/kk_trafik/pdf/Oy6aUW1jF0.pdf,333,POINT (12.578791402121581 55.67460228370171)
trafiktaelling_fodg.334,10151,Linnésgade,,12,100,Øvrige tællinger,4527,5300,5500,,,,,,,5300,,20180503,2018,https://kk.sites.itera.dk/apps/kk_trafik/pdf/UiOen5uDM5.pdf,334,POINT (12.569577361692945 55.68311969218499)
trafiktaelling_fodg.335,10152,Alfred Nobels Bro,CYK + FOD,,100,Øvrige tællinger,857,1000,1000,,,,,,,1000,,20220929,2022,https://kk.sites.itera.dk/apps/kk_trafik/pdf/pBnHB1o33t.pdf,335,POINT (12.555967114060318 55.653255697365324)
trafiktaelling_fodg.336,10154,Frederikssundsvej,FOD,321/312A,100,Øvrige tællinger,1784,2100,2200,,,,,,,2100,,20190620,2019,https://kk.sites.itera.dk/apps/kk_trafik/pdf/3I9eFmNcKX.pdf,336,POINT (12.473773197549951 55.71142923341995)
trafiktaelling_fodg.337,10155,Istedgade,FOD,100,100,Øvrige tællinger,5287,6200,6400,,,,,,,6200,,20190625,2019,https://kk.sites.itera.dk/apps/kk_trafik/pdf/hM2bx5sj0d.pdf,337,POINT (12.552195356129229 55.668921292340706)
trafiktaelling_fodg.338,10156,Vesterbrogade,FOD,124,100,Øvrige tællinger,7253,8500,8800,,,,,,,8500,,20190627,2019,https://kk.sites.itera.dk/apps/kk_trafik/pdf/dMV0QpTgFQ.pdf,338,POINT (12.543474781288985 55.67095808827138)
trafiktaelling_fodg.339,10156,Nørrebrogade,FOD,148,100,Øvrige tællinger,7253,8500,8800,,,,,,,8500,,20190627,2019,https://kk.sites.itera.dk/apps/kk_trafik/pdf/dMV0QpTgFQ.pdf,339,POINT (12.54826274878456 55.694818544498865)
trafiktaelling_fodg.340,10157,Valby Langgade,FOD,44B/49B,100,Øvrige tællinger,4571,5300,5500,,,,,,,5300,,20190625,2019,https://kk.sites.itera.dk/apps/kk_trafik/pdf/y4ILRuwvdd.pdf,340,POINT (12.516597995179225 55.66668003293783)
trafiktaelling_fodg.341,10158,Vesterbrogade,FOD,34/41,100,Øvrige tællinger,7288,8500,8800,,,,,,,8500,,20190625,2019,https://kk.sites.itera.dk/apps/kk_trafik/pdf/1jIlqMApOA.pdf,341,POINT (12.556516584739832 55.672560944793815)
trafiktaelling_fodg.342,10161,Jægersborggade,FOD,15-Dec,100,Øvrige tællinger,3897,4600,4700,,,,,,,4600,,20190627,2019,https://kk.sites.itera.dk/apps/kk_trafik/pdf/3LWtDmKL8t.pdf,342,POINT (12.544856915173208 55.692129492430404)
trafiktaelling_fodg.343,10166,Lille Langebro,cykel- og gangbro ,-,2,Søsnittet,5152,6000,6200,,,,,,,6000,,20240905,2024,https://kk.sites.itera.dk/apps/kk_trafik/pdf/bYXJLUhK2q.pdf,343,POINT (12.579843934136612 55.67102821877832)
trafiktaelling_fodg.344,10168,Fælledvej,FOD,04-Jan,100,Øvrige tællinger,4098,4800,5000,,,,,,,4800,,20090422,2009,https://kk.sites.itera.dk/apps/kk_trafik/pdf/RFXcYlFIF5.pdf,344,POINT (12.55986829910906 55.688487715379985)
trafiktaelling_fodg.345,10169,Borgbjergsvej,FOD,8,100,Øvrige tællinger,1278,1500,1500,,,,,,,1500,,20190903,2019,https://kk.sites.itera.dk/apps/kk_trafik/pdf/o9JvYfc8r9.pdf,345,POINT (12.538436464028333 55.65260753488689)
trafiktaelling_fodg.346,10170,Borgbjergsvej,FOD,51,100,Øvrige tællinger,1050,1200,1300,,,,,,,1200,,20190903,2019,https://kk.sites.itera.dk/apps/kk_trafik/pdf/p8bI2WZLQ9.pdf,346,POINT (12.534963182497544 55.64933829880899)
trafiktaelling_fodg.347,10173,Elmegade,FOD,8,100,Øvrige tællinger,4608,5400,5600,,,,,,,5400,,20190627,2019,https://kk.sites.itera.dk/apps/kk_trafik/pdf/XmkUqG2oqH.pdf,347,POINT (12.558448890617846 55.68976581992901)
trafiktaelling_fodg.348,10173,Fælledparken,CYKL+FODG,,100,Øvrige tællinger,4608,5400,5600,,,,,,,5400,,20190627,2019,https://kk.sites.itera.dk/apps/kk_trafik/pdf/XmkUqG2oqH.pdf,348,POINT (12.570894438060792 55.696425668443126)
trafiktaelling_fodg.349,10178,Karens Minde v. Thomas Koppels Allé,CYKL+FODG,,100,Øvrige tællinger,304,400,400,,,,,,,400,,20190828,2019,https://kk.sites.itera.dk/apps/kk_trafik/pdf/IUMlw0gpT9.pdf,349,POINT (12.530960063914618 55.64589713236023)
trafiktaelling_fodg.350,10179,Kirsebærhaven,TRAFIK,10,100,Øvrige tællinger,701,800,800,,,,,,,800,,20190618,2019,https://kk.sites.itera.dk/apps/kk_trafik/pdf/ZvKrmh4aZz.pdf,350,POINT (12.503275444518245 55.64937903079857)
trafiktaelling_fodg.351,10180,Karens Minde v. Wagnersvej,CYKL+FODG,,100,Øvrige tællinger,607,700,700,,,,,,,700,,20190828,2019,https://kk.sites.itera.dk/apps/kk_trafik/pdf/xLwITwUsdy.pdf,351,POINT (12.529619140351258 55.64710829706535)
trafiktaelling_fodg.352,10181,Scandiagade,FOD,68,100,Øvrige tællinger,445,500,500,,,,,,,500,,20190903,2019,https://kk.sites.itera.dk/apps/kk_trafik/pdf/Mz83n15NXd.pdf,352,POINT (12.53774214924108 55.64960126477536)
trafiktaelling_fodg.353,10182,Scandiagade,FOD,70,100,Øvrige tællinger,325,400,400,,,,,,,400,,20190903,2019,https://kk.sites.itera.dk/apps/kk_trafik/pdf/pkpB6WC2Zm.pdf,353,POINT (12.537364145394935 55.64953197814127)
trafiktaelling_fodg.354,10183,Vigerslevvej,Vigerslevparken indgang ved Folehaven,242,100,Øvrige tællinger,187,200,200,,,,,,,200,,20190618,2019,https://kk.sites.itera.dk/apps/kk_trafik/pdf/6VNO2tE9O0.pdf,354,POINT (12.48771007861509 55.652330930539954)
trafiktaelling_fodg.355,10184,Vigerslevvej,Vigerslevparken indgang ved Kirsebærhaven,310,100,Øvrige tællinger,91,100,100,,,,,,,100,,20190618,2019,https://kk.sites.itera.dk/apps/kk_trafik/pdf/9e7YTuq76X.pdf,355,POINT (12.493484889575178 55.64757289020528)
trafiktaelling_fodg.356,10186,Vigerslevvej,Vigerslevparken indgang ved Åhaven,282A,100,Øvrige tællinger,313,400,400,,,,,,,400,,20190618,2019,https://kk.sites.itera.dk/apps/kk_trafik/pdf/03hA3UXvRr.pdf,356,POINT (12.490346262018098 55.64914445274856)
trafiktaelling_fodg.357,10190,Fælledparken - v. indgang fra Øster Allé,OPHOLD,,101,Krydstællinger,1525,1800,1800,,,,,,,1800,,20090924,2009,https://kk.sites.itera.dk/apps/kk_trafik/pdf/wxpzOoO3Wz.pdf,357,POINT (12.569539076053983 55.7023366152843)
trafiktaelling_fodg.358,10192,Peter Fabers Gade,nordøst for Nørrebrogade,7,100,Øvrige tællinger,997,1200,1200,,,,,,,1200,,20100421,2010,https://kk.sites.itera.dk/apps/kk_trafik/pdf/DkFOekgozl.pdf,358,POINT (12.555245843493017 55.69100325701386)
trafiktaelling_fodg.359,10193,Stengade,sydvest for Nørrebrogade,2,100,Øvrige tællinger,905,1100,1100,,,,,,,1100,,20100421,2010,https://kk.sites.itera.dk/apps/kk_trafik/pdf/M9dSbp4F0y.pdf,359,POINT (12.557008087062215 55.68902867255583)
trafiktaelling_fodg.360,10204,Folehavebroen,CYK + FOD,,100,Øvrige tællinger,376,400,500,,,,,,,400,,20240515,2024,https://kk.sites.itera.dk/apps/kk_trafik/pdf/gzmqhIg6Oh.pdf,360,POINT (12.487087256771844 55.65274775487969)
trafiktaelling_fodg.361,10208,Frederiksholms Kanal,,29,100,Øvrige tællinger,509,600,600,,,,,,,600,,20230614,2023,https://kk.sites.itera.dk/apps/kk_trafik/pdf/TpQcK53dgQ.pdf,361,POINT (12.579250049737817 55.67315573105684)
trafiktaelling_fodg.362,10209,Stefansgade,FOD,37,100,Øvrige tællinger,3825,4500,4600,,,,,,,4500,,20210901,2021,https://kk.sites.itera.dk/apps/kk_trafik/pdf/QLqSMv7Dc1.pdf,362,POINT (12.542936220216177 55.694441757294335)
trafiktaelling_fodg.363,10214,Nordre Frihavnsgade,FOD,84,100,Øvrige tællinger,3373,3900,4100,,,,,,,3900,,20220616,2022,https://kk.sites.itera.dk/apps/kk_trafik/pdf/X62buyin7R.pdf,363,POINT (12.586745125537457 55.70324309382363)
trafiktaelling_fodg.364,10221,Peblinge Dossering,FOD,4,100,Øvrige tællinger,1539,1800,1900,,,,,,,1800,,20240924,2024,https://kk.sites.itera.dk/apps/kk_trafik/pdf/UeIMm3gQS4.pdf,364,POINT (12.562013339867999 55.686962661025)
trafiktaelling_fodg.365,10225,Langelinie,,1,100,Øvrige tællinger,2599,3000,3100,,,,,,,3000,,20230622,2023,https://kk.sites.itera.dk/apps/kk_trafik/pdf/qBKS8jxnxs.pdf,365,POINT (12.595006425749576 55.69427370354807)
trafiktaelling_fodg.366,10232,Hamletsgade,FOD,12B,100,Øvrige tællinger,1332,1600,1600,,,,,,,1600,,20090618,2009,https://kk.sites.itera.dk/apps/kk_trafik/pdf/c1IT5m9Dcg.pdf,366,POINT (12.545612941792415 55.70182341796601)
trafiktaelling_fodg.367,10233,Ægirsgade,FOD,1,100,Øvrige tællinger,859,1000,1000,,,,,,,1000,,20090618,2009,https://kk.sites.itera.dk/apps/kk_trafik/pdf/i2JExN09j0.pdf,367,POINT (12.544393527646324 55.69772470561353)
trafiktaelling_fodg.368,10234,Mimersgade,vest for Jagtvej,2,100,Øvrige tællinger,1151,1300,1400,,,,,,,1300,,20100422,2010,https://kk.sites.itera.dk/apps/kk_trafik/pdf/3sRvT6rC93.pdf,368,POINT (12.552211928586491 55.6978889639952)
trafiktaelling_fodg.369,10237,Rosenborggade,,19,100,Øvrige tællinger,2088,2400,2500,,,,,,,2400,,20230607,2023,https://kk.sites.itera.dk/apps/kk_trafik/pdf/DxmExhzE3q.pdf,369,POINT (12.574896630681861 55.68403922897099)
trafiktaelling_fodg.370,10238,Sjæleboderne,,1,100,Øvrige tællinger,527,600,600,,,,,,,600,,20230607,2023,https://kk.sites.itera.dk/apps/kk_trafik/pdf/ZB60jPcfij.pdf,370,POINT (12.579567092959726 55.68255791815277)
trafiktaelling_fodg.371,10239,Møntergade,,21,100,Øvrige tællinger,3988,4700,4800,,,,,,,4700,,20230607,2023,https://kk.sites.itera.dk/apps/kk_trafik/pdf/iKIIl34qpk.pdf,371,POINT (12.580389049830815 55.68244187885189)
trafiktaelling_fodg.372,10241,Ny Adelgade,,2,100,Øvrige tællinger,3570,4200,4300,,,,,,,4200,,20230607,2023,https://kk.sites.itera.dk/apps/kk_trafik/pdf/2iraCk52k0.pdf,372,POINT (12.584506655097139 55.68107982188314)
trafiktaelling_fodg.373,10242,Lille Kongensgade,,4,100,Øvrige tællinger,6469,7600,7800,,,,,,,7600,,20230622,2023,https://kk.sites.itera.dk/apps/kk_trafik/pdf/juJ0AOthZX.pdf,373,POINT (12.58457355389556 55.6796627895094)
trafiktaelling_fodg.374,10244,Havnegade,,3,100,Øvrige tællinger,1154,1400,1400,,,,,,,1400,,20230614,2023,https://kk.sites.itera.dk/apps/kk_trafik/pdf/aiA9PaArH5.pdf,374,POINT (12.58548428398125 55.67618058060242)
trafiktaelling_fodg.375,10245,Ny Vestergade,,7,100,Øvrige tællinger,2599,3000,3100,,,,,,,3000,,20230617,2023,https://kk.sites.itera.dk/apps/kk_trafik/pdf/9RxTQWSBsy.pdf,375,POINT (12.574526891520254 55.67406406561069)
trafiktaelling_fodg.376,10246,Sankt Peders Stræde,,34,100,Øvrige tællinger,2534,3000,3100,,,,,,,3000,,20230608,2023,https://kk.sites.itera.dk/apps/kk_trafik/pdf/dZYXCIifDN.pdf,376,POINT (12.567210289908893 55.67874597252969)
trafiktaelling_fodg.377,10247,Tornebuskegade,,7,100,Øvrige tællinger,4339,5100,5300,,,,,,,5100,,20230608,2023,https://kk.sites.itera.dk/apps/kk_trafik/pdf/Atv73SJOyX.pdf,377,POINT (12.573878160934248 55.68394876166879)
trafiktaelling_fodg.378,10251,Guldbergsgade,FOD,35,100,Øvrige tællinger,2397,2800,2900,,,,,,,2800,,20230906,2023,https://kk.sites.itera.dk/apps/kk_trafik/pdf/laP4sYAGZk.pdf,378,POINT (12.556170874061214 55.692583720957735)
trafiktaelling_fodg.379,10253,Guldbergsgade,FOD,88,100,Øvrige tællinger,1863,2200,2300,,,,,,,2200,,20230906,2023,https://kk.sites.itera.dk/apps/kk_trafik/pdf/pIiedVDkNB.pdf,379,POINT (12.55331766535213 55.69611997621076)
trafiktaelling_fodg.380,10254,Ho Chi Mihn-stien,,,100,Øvrige tællinger,2133,2500,2600,,,,,,,2500,,20210922,2021,https://kk.sites.itera.dk/apps/kk_trafik/pdf/TQDuLCLt3l.pdf,380,POINT (12.585906581021026 55.69638168397431)
trafiktaelling_fodg.381,10256,Kapelvej,FOD,1,100,Øvrige tællinger,2181,2600,2600,,,,,,,2600,,20230906,2023,https://kk.sites.itera.dk/apps/kk_trafik/pdf/snPzTvwAVl.pdf,381,POINT (12.554301630416061 55.69024741821139)
trafiktaelling_fodg.382,10257,Kortløb,krydsende fodgængerfeltet,,100,Øvrige tællinger,1049,1200,1300,,,,,,,1200,,20230913,2023,https://kk.sites.itera.dk/apps/kk_trafik/pdf/ZUL9U4Ozvk.pdf,382,POINT (12.5579699049744 55.65881365176243)
trafiktaelling_fodg.383,10259,Ravnsborggade,FOD,20,100,Øvrige tællinger,2499,2900,3000,,,,,,,2900,,20230906,2023,https://kk.sites.itera.dk/apps/kk_trafik/pdf/Bfpy6kGlSL.pdf,383,POINT (12.562994562679059 55.6893458229017)
trafiktaelling_fodg.384,10261,Ryesgade,FOD,9,100,Øvrige tællinger,1021,1200,1200,,,,,,,1200,,20230906,2023,https://kk.sites.itera.dk/apps/kk_trafik/pdf/lf2KezaANw.pdf,384,POINT (12.564981308981249 55.69086782370545)
trafiktaelling_fodg.385,10262,Avedøreruten,Supercykelsti ved Mågestien (Hvidovre),,100,Øvrige tællinger,150,200,200,,,,,,,200,,20230925,2023,https://kk.sites.itera.dk/apps/kk_trafik/pdf/KGO165qH8M.pdf,385,POINT (12.473773616251759 55.61743912812532)
trafiktaelling_fodg.386,10263,Avedøreruten,Supercykelsti ved Selinevej,,100,Øvrige tællinger,136,200,200,,,,,,,200,,20230925,2023,https://kk.sites.itera.dk/apps/kk_trafik/pdf/eAS4j8erVr.pdf,386,POINT (12.54746763594774 55.637596680098014)
trafiktaelling_fodg.387,10265,Christian IX's Gade,FOD,7,100,Øvrige tællinger,4702,5500,5700,,,,,,,5500,,20230607,2023,https://kk.sites.itera.dk/apps/kk_trafik/pdf/ZWCpFTWYL2.pdf,387,POINT (12.580965443985482 55.682332848533335)
trafiktaelling_fodg.388,10267,Grønnegade,FOD,36,100,Øvrige tællinger,8023,9400,9700,,,,,,,9400,,20230607,2023,https://kk.sites.itera.dk/apps/kk_trafik/pdf/VqF2mMoZqy.pdf,388,POINT (12.583440952616959 55.6815447774983)
trafiktaelling_fodg.389,10269,Landemærket,syd for Gothersgade,26,100,Øvrige tællinger,5526,6500,6700,,,,,,,6500,,20230607,2023,https://kk.sites.itera.dk/apps/kk_trafik/pdf/YJpYOtktlw.pdf,389,POINT (12.578029480078296 55.682970249675535)
trafiktaelling_fodg.390,10270,Nyhavn,,2,100,Øvrige tællinger,12566,14700,15200,,,,,,,14700,,20230614,2023,https://kk.sites.itera.dk/apps/kk_trafik/pdf/k5cJHJTta8.pdf,390,POINT (12.588222253427478 55.680177612124304)
trafiktaelling_fodg.391,10272,Admiralgade,,31,100,Øvrige tællinger,582,700,700,,,,,,,700,,20230921,2023,https://kk.sites.itera.dk/apps/kk_trafik/pdf/C4hhQcJkvr.pdf,391,POINT (12.582775246227246 55.677019910218085)
trafiktaelling_fodg.392,10274,Bremerholm,FOD,39,100,Øvrige tællinger,2254,2600,2700,,,,,,,2600,,20230921,2023,https://kk.sites.itera.dk/apps/kk_trafik/pdf/IIm5w38oqh.pdf,392,POINT (12.58435283313653 55.677459866199435)
trafiktaelling_fodg.393,10275,Bryghuspladsen,CYKL,1,100,Øvrige tællinger,2901,3400,3500,,,,,,,3400,,20230926,2023,https://kk.sites.itera.dk/apps/kk_trafik/pdf/GQHvMHTkMQ.pdf,393,POINT (12.578304254729332 55.67230350138459)
trafiktaelling_fodg.394,10277,Frederiksholms Kanal,FODG,6,100,Øvrige tællinger,5904,6900,7100,,,,,,,6900,,20230926,2023,https://kk.sites.itera.dk/apps/kk_trafik/pdf/t3SkZezFzO.pdf,394,POINT (12.575215309765232 55.67575360284012)
trafiktaelling_fodg.395,10279,Nikolajgade,TRAFIK,25,100,Øvrige tællinger,471,600,600,,,,,,,600,,20230921,2023,https://kk.sites.itera.dk/apps/kk_trafik/pdf/veH1GJz43R.pdf,395,POINT (12.58335437518775 55.67743219011894)
trafiktaelling_fodg.396,10280,Ny Kongensgade,FODG,15,100,Øvrige tællinger,2029,2400,2500,,,,,,,2400,,20230613,2023,https://kk.sites.itera.dk/apps/kk_trafik/pdf/CpUjRiG4Pt.pdf,396,POINT (12.575893918631035 55.673531751432456)
trafiktaelling_fodg.397,10285,Ved Stranden,vest for Holmens Kanal,2,100,Øvrige tællinger,2833,3300,3400,,,,,,,3300,,20230912,2023,https://kk.sites.itera.dk/apps/kk_trafik/pdf/qlYPV3RRnM.pdf,397,POINT (12.58233854540193 55.6768780790445)
trafiktaelling_fodg.398,10286,Vestergade,FOD,37,100,Øvrige tællinger,7043,8200,8500,,,,,,,8200,,20230613,2023,https://kk.sites.itera.dk/apps/kk_trafik/pdf/SgayjgPD5B.pdf,398,POINT (12.568829846992298 55.67683210591664)
trafiktaelling_fodg.399,10293,Nygårdsvej,TRAFIK,65,100,Øvrige tællinger,1440,1700,1700,,,,,,,1700,,20240507,2024,https://kk.sites.itera.dk/apps/kk_trafik/pdf/iruRplCHne.pdf,399,POINT (12.566413237893244 55.710722533387774)
trafiktaelling_fodg.400,10298,Lavendelstræde,nord for Vester Voldgade,16,100,Øvrige tællinger,2732,3200,3300,,,,,,,3200,,20230613,2023,https://kk.sites.itera.dk/apps/kk_trafik/pdf/JSOj3HWkUE.pdf,400,POINT (12.571155330899717 55.676062379777115)
trafiktaelling_fodg.401,10303,Store Regnegade,FOD,,100,Øvrige tællinger,5546,6500,6700,,,,,,,6500,,20230607,2023,https://kk.sites.itera.dk/apps/kk_trafik/pdf/AEa6xmZlT9.pdf,401,POINT (12.582551069203959 55.681859432588034)